,x,y,Sample.ID,Field,Sample.Date,Season,mid_depth,DepthMin.cm.,DepthMax.cm.,pH,pH.CaCl,EC,ECse,Cl.ppm,NO3N.ppm,NH4N.ppm,P.Colwell.ppm,PBI,Ca.ppm,K.ppm,Mg.ppm,Na.ppm,Ca.Mg,CEC.ppm,ESP,Cu.ppm,Fe.ppm,Mn.ppm,Zn.ppm,B.ppm,S.ppm,P.BSES,Silt,Clay,Sand,TOC,EM_50,EM_100,EM_150,EM_300,gamma_k,gamma_th,gamma_u,gamma_TC,landscape_change,elevation,DEM_30,aspect,MrRTF,MrVBF,PlanCurvature,ProfileCurvature,SlopeDeg,SlopePct,SlopeRelief,TPI_class,TPI_mask,TWI,rad_dose,rad_k,rad_ratio_tk,rad_ratio_u2th,rad_ratio_uk,rad_ratio_uth,rad_th,rad_u,NDVI_5,NDVI_50,NDVI_95,RED_5,RED_50,RED_95
1,798997.1155,6760464.552,1,OD01,17/05/2020,2020,7.5,0,15,7,6.5,0.41,2.5,10,18,1,18,64,25,0.59,8.8,1.6,2.8,36.2,4.3,1,12,25,0.33,0.6,230,22,8,29,63,0.75,123.2276382,213.9891968,236.7361908,288.3574524,0.10491395,16.39213753,2.244617701,1165.673218,0.016374076,228.0857258,230,230.6578979,5.50850296,7,0.002516421,7.14E-05,0.224706233,0.39218837,11,2,0,10.41654015,25.6006813,0.192349195,36.66376114,0.133035347,5.035665512,0.137347206,7.05224514,0.968606174,0.11576736,0.16259405,0.812874615,357.5,1161.833333,1812.5
2,798997.1155,6760464.552,1,OD01,17/05/2020,2020,22.5,15,30,8.1,7.1,0.24,1.5,14,22,1,7,72,23,0.38,8.1,2.9,2.8,34.4,8.4,0.83,12,11,0.21,1,71,10,6,27,67,0.63,123.2276382,213.9891968,236.7361908,288.3574524,0.10491395,16.39213753,2.244617701,1165.673218,0.016374076,228.0857258,230,230.6578979,5.50850296,7,0.002516421,7.14E-05,0.224706233,0.39218837,11,2,0,10.41654015,25.6006813,0.192349195,36.66376114,0.133035347,5.035665512,0.137347206,7.05224514,0.968606174,0.11576736,0.16259405,0.812874615,357.5,1161.833333,1812.5
3,798997.1155,6760464.552,1,OD01,17/05/2020,2020,45,30,60,8.8,7.8,0.29,NA,45,34,0.9,NA,NA,25,0.34,9.3,4.9,2.7,39.2,12,NA,NA,NA,NA,NA,39,NA,10,23,66,NA,123.2276382,213.9891968,236.7361908,288.3574524,0.10491395,16.39213753,2.244617701,1165.673218,0.016374076,228.0857258,230,230.6578979,5.50850296,7,0.002516421,7.14E-05,0.224706233,0.39218837,11,2,0,10.41654015,25.6006813,0.192349195,36.66376114,0.133035347,5.035665512,0.137347206,7.05224514,0.968606174,0.11576736,0.16259405,0.812874615,357.5,1161.833333,1812.5
4,798997.1155,6760464.552,1,OD01,17/05/2020,2020,75,60,90,7.8,7.7,3.12,NA,170,27,0.7,NA,NA,92,0.4,9,8,10,109,7.3,NA,NA,NA,NA,NA,2600,NA,10,30,60,NA,123.2276382,213.9891968,236.7361908,288.3574524,0.10491395,16.39213753,2.244617701,1165.673218,0.016374076,228.0857258,230,230.6578979,5.50850296,7,0.002516421,7.14E-05,0.224706233,0.39218837,11,2,0,10.41654015,25.6006813,0.192349195,36.66376114,0.133035347,5.035665512,0.137347206,7.05224514,0.968606174,0.11576736,0.16259405,0.812874615,357.5,1161.833333,1812.5
5,801260.1262,6760181.44,2,OD01,17/05/2020,2020,7.5,0,15,6.3,6,0.66,4.1,10,10,0.8,14,57,21,0.41,7.2,1.2,2.9,29.9,4,0.82,15,35,0.37,0.5,630,8,10,26,64,0.84,113.5033951,192.8097687,205.1743317,260.1749878,-0.033359308,14.42799377,2.291386604,1068.132568,-0.031514522,233.242053,233,273.5236816,4.55700016,7,-0.007734405,4.14E-06,0.066894807,0.116753519,11,2,0,14.57658768,23.99225235,0.185666367,33.40825653,0.185924351,5.784001827,0.173130915,6.202789307,1.07389462,0.110827491,0.173332855,0.828413606,294.5,1079,1724
6,801260.1262,6760181.44,2,OD01,17/05/2020,2020,22.5,15,30,7.2,6.6,0.39,2.4,10,5.4,0.8,5,68,22,0.24,7.1,1.9,3.1,30.8,6.2,0.69,13,16,0.11,0.7,190,7,9,25,66,0.63,113.5033951,192.8097687,205.1743317,260.1749878,-0.033359308,14.42799377,2.291386604,1068.132568,-0.031514522,233.242053,233,273.5236816,4.55700016,7,-0.007734405,4.14E-06,0.066894807,0.116753519,11,2,0,14.57658768,23.99225235,0.185666367,33.40825653,0.185924351,5.784001827,0.173130915,6.202789307,1.07389462,0.110827491,0.173332855,0.828413606,294.5,1079,1724
7,801260.1262,6760181.44,2,OD01,17/05/2020,2020,45,30,60,8.4,7.1,0.12,NA,10,6.9,0.8,NA,NA,22,0.24,8.4,3.1,2.6,34,9.1,NA,NA,NA,NA,NA,29,NA,6,22,72,NA,113.5033951,192.8097687,205.1743317,260.1749878,-0.033359308,14.42799377,2.291386604,1068.132568,-0.031514522,233.242053,233,273.5236816,4.55700016,7,-0.007734405,4.14E-06,0.066894807,0.116753519,11,2,0,14.57658768,23.99225235,0.185666367,33.40825653,0.185924351,5.784001827,0.173130915,6.202789307,1.07389462,0.110827491,0.173332855,0.828413606,294.5,1079,1724
8,801260.1262,6760181.44,2,OD01,17/05/2020,2020,75,60,90,7.6,7.5,1.96,NA,10,11,0.7,NA,NA,37,0.26,8.4,4.2,4.4,50.2,8.4,NA,NA,NA,NA,NA,2100,NA,5,23,72,NA,113.5033951,192.8097687,205.1743317,260.1749878,-0.033359308,14.42799377,2.291386604,1068.132568,-0.031514522,233.242053,233,273.5236816,4.55700016,7,-0.007734405,4.14E-06,0.066894807,0.116753519,11,2,0,14.57658768,23.99225235,0.185666367,33.40825653,0.185924351,5.784001827,0.173130915,6.202789307,1.07389462,0.110827491,0.173332855,0.828413606,294.5,1079,1724
9,799515.1199,6760119.608,3,OD01,17/05/2020,2020,7.5,0,15,7.5,6.7,0.15,0.9,10,9.5,1,10,50,22,0.37,8.1,1.2,2.7,31.9,3.8,0.82,8.3,20,0.19,0.6,48,13,10,40,50,0.84,101.1502075,173.718277,196.5285339,237.8234863,0.032330982,16.243433,1.861137867,1122.389893,-0.063447037,229.2184862,228,4.86390686,5.503156662,7,-0.009305952,-1.70E-05,0.105404571,0.183965892,11,1,0,13.27542591,23.62413025,0.168983281,38.67575073,0.124277033,5.333262444,0.137896806,6.535555363,0.901232183,0.114497095,0.169486761,0.773954451,390.25,1144.4,1889.5
10,799515.1199,6760119.608,3,OD01,17/05/2020,2020,22.5,15,30,8.4,7.7,0.4,2.5,10,11,1,5,76,25,0.23,8.9,2.5,2.8,37.1,6.9,0.64,7.4,7.4,0.08,0.9,190,6,9,24,67,0.63,101.1502075,173.718277,196.5285339,237.8234863,0.032330982,16.243433,1.861137867,1122.389893,-0.063447037,229.2184862,228,4.86390686,5.503156662,7,-0.009305952,-1.70E-05,0.105404571,0.183965892,11,1,0,13.27542591,23.62413025,0.168983281,38.67575073,0.124277033,5.333262444,0.137896806,6.535555363,0.901232183,0.114497095,0.169486761,0.773954451,390.25,1144.4,1889.5
11,799515.1199,6760119.608,3,OD01,17/05/2020,2020,45,30,60,9.2,8.3,0.31,NA,10,23,1,NA,NA,25,0.24,9.3,4,2.7,38.7,10,NA,NA,NA,NA,NA,25,NA,5,23,72,NA,101.1502075,173.718277,196.5285339,237.8234863,0.032330982,16.243433,1.861137867,1122.389893,-0.063447037,229.2184862,228,4.86390686,5.503156662,7,-0.009305952,-1.70E-05,0.105404571,0.183965892,11,1,0,13.27542591,23.62413025,0.168983281,38.67575073,0.124277033,5.333262444,0.137896806,6.535555363,0.901232183,0.114497095,0.169486761,0.773954451,390.25,1144.4,1889.5
12,799515.1199,6760119.608,3,OD01,17/05/2020,2020,75,60,90,7.9,7.8,2.84,NA,130,22,1,NA,NA,60,0.26,9.5,6.9,6.3,77.2,9,NA,NA,NA,NA,NA,2900,NA,4,18,78,NA,101.1502075,173.718277,196.5285339,237.8234863,0.032330982,16.243433,1.861137867,1122.389893,-0.063447037,229.2184862,228,4.86390686,5.503156662,7,-0.009305952,-1.70E-05,0.105404571,0.183965892,11,1,0,13.27542591,23.62413025,0.168983281,38.67575073,0.124277033,5.333262444,0.137896806,6.535555363,0.901232183,0.114497095,0.169486761,0.773954451,390.25,1144.4,1889.5
13,798103.5362,6759886.977,4,OD01,17/05/2020,2020,7.5,0,15,7.7,6.7,0.11,0.7,10,10,1,23,54,19,0.47,7.1,1.3,2.7,28,4.6,1,11,28,0.63,0.8,36,37,10,27,63,0.77,116.2637787,198.6598053,218.1137085,262.2116089,0.079541504,16.81580544,1.296021461,1099.802368,0.01970022,226.4769889,226,197.3700562,4.595452309,7,0.017370518,-2.25E-05,0.11800544,0.205958635,11,2,0,10.80259991,24.43741608,0.22230202,28.45944786,0.162360251,4.559123993,0.160197198,6.326592922,1.013502479,0.119079344,0.166212916,0.735606492,439,1191,1832
14,798103.5362,6759886.977,4,OD01,17/05/2020,2020,22.5,15,30,8.8,8,0.35,2.2,10,7.6,1,6,64,27,0.23,8.3,2.9,3.3,38.3,7.7,0.64,7.4,7,0.38,1,120,11,5,17,79,0.62,116.2637787,198.6598053,218.1137085,262.2116089,0.079541504,16.81580544,1.296021461,1099.802368,0.01970022,226.4769889,226,197.3700562,4.595452309,7,0.017370518,-2.25E-05,0.11800544,0.205958635,11,2,0,10.80259991,24.43741608,0.22230202,28.45944786,0.162360251,4.559123993,0.160197198,6.326592922,1.013502479,0.119079344,0.166212916,0.735606492,439,1191,1832
15,798103.5362,6759886.977,4,OD01,17/05/2020,2020,45,30,60,7.9,7.8,2.67,NA,18,16,1.1,NA,NA,60,0.25,8.5,4.6,7.1,72.9,6.2,NA,NA,NA,NA,NA,2700,NA,4,24,73,NA,116.2637787,198.6598053,218.1137085,262.2116089,0.079541504,16.81580544,1.296021461,1099.802368,0.01970022,226.4769889,226,197.3700562,4.595452309,7,0.017370518,-2.25E-05,0.11800544,0.205958635,11,2,0,10.80259991,24.43741608,0.22230202,28.45944786,0.162360251,4.559123993,0.160197198,6.326592922,1.013502479,0.119079344,0.166212916,0.735606492,439,1191,1832
16,798103.5362,6759886.977,4,OD01,17/05/2020,2020,75,60,90,8,7.9,3.34,NA,150,16,0.9,NA,NA,87,0.28,9.4,8.3,9.3,105,7.9,NA,NA,NA,NA,NA,3000,NA,3,18,80,NA,116.2637787,198.6598053,218.1137085,262.2116089,0.079541504,16.81580544,1.296021461,1099.802368,0.01970022,226.4769889,226,197.3700562,4.595452309,7,0.017370518,-2.25E-05,0.11800544,0.205958635,11,2,0,10.80259991,24.43741608,0.22230202,28.45944786,0.162360251,4.559123993,0.160197198,6.326592922,1.013502479,0.119079344,0.166212916,0.735606492,439,1191,1832
17,800473.005,6759801.561,5,OD01,17/05/2020,2020,7.5,0,15,7.6,6.8,0.15,0.9,10,24,1.1,13,39,19,0.56,5.7,1.2,3.3,26.3,4.4,0.69,7,14,0.7,0.7,45,18,19,27,54,1,109.796669,191.6403198,204.2402344,263.5370483,0.118700609,13.81127262,1.68684113,1045.091064,0.078576426,231.79983,230,272.5744629,4.577744484,7,-0.027761213,-0.000103357,0.134456918,0.234672025,11,1,0,13.0713253,23.03445435,0.180274472,32.06303024,0.210589334,6.120027542,0.190874889,5.780146122,1.103284717,0.111258253,0.170490846,0.856798589,297.3333333,1125.5,1752.5
18,800473.005,6759801.561,5,OD01,17/05/2020,2020,22.5,15,30,8.8,8.1,0.34,2.1,10,14,1,5,62,27,0.33,6.6,2.1,4.1,36.5,5.9,0.49,7.2,4.9,0.21,0.9,100,10,6,20,73,0.82,109.796669,191.6403198,204.2402344,263.5370483,0.118700609,13.81127262,1.68684113,1045.091064,0.078576426,231.79983,230,272.5744629,4.577744484,7,-0.027761213,-0.000103357,0.134456918,0.234672025,11,1,0,13.0713253,23.03445435,0.180274472,32.06303024,0.210589334,6.120027542,0.190874889,5.780146122,1.103284717,0.111258253,0.170490846,0.856798589,297.3333333,1125.5,1752.5
19,800473.005,6759801.561,5,OD01,17/05/2020,2020,45,30,60,9.4,8.4,0.27,NA,11,16,0.9,NA,NA,25,0.24,7.4,3.3,3.4,35.7,9.2,NA,NA,NA,NA,NA,43,NA,5,20,76,NA,109.796669,191.6403198,204.2402344,263.5370483,0.118700609,13.81127262,1.68684113,1045.091064,0.078576426,231.79983,230,272.5744629,4.577744484,7,-0.027761213,-0.000103357,0.134456918,0.234672025,11,1,0,13.0713253,23.03445435,0.180274472,32.06303024,0.210589334,6.120027542,0.190874889,5.780146122,1.103284717,0.111258253,0.170490846,0.856798589,297.3333333,1125.5,1752.5
20,800473.005,6759801.561,5,OD01,17/05/2020,2020,75,60,90,8.5,8.1,1.35,NA,73,17,0.9,NA,NA,34,0.2,8.6,7.2,4,49.5,15,NA,NA,NA,NA,NA,830,NA,6,19,75,NA,109.796669,191.6403198,204.2402344,263.5370483,0.118700609,13.81127262,1.68684113,1045.091064,0.078576426,231.79983,230,272.5744629,4.577744484,7,-0.027761213,-0.000103357,0.134456918,0.234672025,11,1,0,13.0713253,23.03445435,0.180274472,32.06303024,0.210589334,6.120027542,0.190874889,5.780146122,1.103284717,0.111258253,0.170490846,0.856798589,297.3333333,1125.5,1752.5
21,798553.3189,6759775.02,6,OD01,17/05/2020,2020,7.5,0,15,8.2,7.1,0.15,0.9,10,10,0.9,11,65,21,0.38,8.5,2.2,2.5,31.6,6.8,0.78,9.7,18,0.44,0.9,24,18,5,20,75,0.6,109.0592117,182.155899,203.9491882,241.8110809,0.05324997,16.20725632,2.010644913,1143.304932,-0.033579028,227.1658617,225,277.7258606,4.550834656,7,0.003649395,-3.79E-05,0.109888367,0.191791609,11,2,0,11.72527409,25.61774826,0.144226938,48.55646515,0.174065486,7.655202389,0.157655671,7.003150463,1.104086399,0.11542657,0.162144974,0.697881043,451.5,1169.25,1752.5
22,798553.3189,6759775.02,6,OD01,17/05/2020,2020,22.5,15,30,9,8,0.31,1.9,10,12,1.1,5,91,24,0.29,9.2,3.6,2.6,37.6,9.6,0.68,9.6,6.5,0.13,1.7,120,7,5,20,74,0.51,109.0592117,182.155899,203.9491882,241.8110809,0.05324997,16.20725632,2.010644913,1143.304932,-0.033579028,227.1658617,225,277.7258606,4.550834656,7,0.003649395,-3.79E-05,0.109888367,0.191791609,11,2,0,11.72527409,25.61774826,0.144226938,48.55646515,0.174065486,7.655202389,0.157655671,7.003150463,1.104086399,0.11542657,0.162144974,0.697881043,451.5,1169.25,1752.5
23,798553.3189,6759775.02,6,OD01,17/05/2020,2020,45,30,60,9,8.2,0.47,NA,15,16,1,NA,NA,24,0.28,9,4.5,2.7,37.8,12,NA,NA,NA,NA,NA,120,NA,6,20,74,NA,109.0592117,182.155899,203.9491882,241.8110809,0.05324997,16.20725632,2.010644913,1143.304932,-0.033579028,227.1658617,225,277.7258606,4.550834656,7,0.003649395,-3.79E-05,0.109888367,0.191791609,11,2,0,11.72527409,25.61774826,0.144226938,48.55646515,0.174065486,7.655202389,0.157655671,7.003150463,1.104086399,0.11542657,0.162144974,0.697881043,451.5,1169.25,1752.5
24,798553.3189,6759775.02,6,OD01,17/05/2020,2020,75,60,90,8,7.8,2.74,NA,190,17,1.2,NA,NA,56,0.27,9.2,8.8,6.1,73.9,12,NA,NA,NA,NA,NA,3500,NA,6,20,74,NA,109.0592117,182.155899,203.9491882,241.8110809,0.05324997,16.20725632,2.010644913,1143.304932,-0.033579028,227.1658617,225,277.7258606,4.550834656,7,0.003649395,-3.79E-05,0.109888367,0.191791609,11,2,0,11.72527409,25.61774826,0.144226938,48.55646515,0.174065486,7.655202389,0.157655671,7.003150463,1.104086399,0.11542657,0.162144974,0.697881043,451.5,1169.25,1752.5
25,797453.9355,6759333.786,7,OD01,17/05/2020,2020,7.5,0,15,7.2,6.2,0.06,0.4,10,16,1,22,32,14,0.44,4.3,0.3,3.3,18.7,1.6,0.92,8.6,26,2.7,0.6,8,18,13,28,60,0.97,91.23583221,161.989212,184.7593384,229.156662,0.051058009,14.07934666,1.506011486,965.6091919,0.212937619,224.6709253,222,233.567749,0,7,-0.016345713,-6.64E-05,0.199860513,0.348823816,11,2,0,12.86637211,22.12837029,0.18880339,32.64202118,0.092675857,4.002828121,0.12262807,6.16292429,0.755747497,0.119495682,0.177691281,0.790600657,361,1175.5,1862
26,797453.9355,6759333.786,7,OD01,17/05/2020,2020,22.5,15,30,7.9,6.8,0.09,0.6,10,8.7,1.1,11,36,18,0.28,5.2,0.77,3.5,23.8,3.2,0.68,6.6,13,0.72,0.6,19,12,9,24,67,0.85,91.23583221,161.989212,184.7593384,229.156662,0.051058009,14.07934666,1.506011486,965.6091919,0.212937619,224.6709253,222,233.567749,0,7,-0.016345713,-6.64E-05,0.199860513,0.348823816,11,2,0,12.86637211,22.12837029,0.18880339,32.64202118,0.092675857,4.002828121,0.12262807,6.16292429,0.755747497,0.119495682,0.177691281,0.790600657,361,1175.5,1862
27,797453.9355,6759333.786,7,OD01,17/05/2020,2020,45,30,60,8.9,8,0.21,NA,10,11,1,NA,NA,24,0.3,6.7,1.7,3.6,32.7,5.1,NA,NA,NA,NA,NA,25,NA,5,12,83,NA,91.23583221,161.989212,184.7593384,229.156662,0.051058009,14.07934666,1.506011486,965.6091919,0.212937619,224.6709253,222,233.567749,0,7,-0.016345713,-6.64E-05,0.199860513,0.348823816,11,2,0,12.86637211,22.12837029,0.18880339,32.64202118,0.092675857,4.002828121,0.12262807,6.16292429,0.755747497,0.119495682,0.177691281,0.790600657,361,1175.5,1862
28,797453.9355,6759333.786,7,OD01,17/05/2020,2020,75,60,90,7.9,7.7,1.96,NA,11,14,1.3,NA,NA,35,0.28,7.2,3.3,4.9,46,7.2,NA,NA,NA,NA,NA,1800,NA,4,18,78,NA,91.23583221,161.989212,184.7593384,229.156662,0.051058009,14.07934666,1.506011486,965.6091919,0.212937619,224.6709253,222,233.567749,0,7,-0.016345713,-6.64E-05,0.199860513,0.348823816,11,2,0,12.86637211,22.12837029,0.18880339,32.64202118,0.092675857,4.002828121,0.12262807,6.16292429,0.755747497,0.119495682,0.177691281,0.790600657,361,1175.5,1862
29,800077.8171,6759164.734,8,OD01,17/05/2020,2020,7.5,0,15,8.3,7.6,0.12,0.7,10,17,0.8,11,49,19,0.54,4.2,0.36,4.5,24,1.5,0.57,4.3,6.7,0.25,0.7,13,17,9,32,59,1.2,90.39028931,161.6702728,173.475769,230.639389,0.247286111,13.34042072,1.106459498,1003.21582,-0.063875759,229.7258753,227,264.0758667,0,7,-0.005405925,-7.82E-05,0.221150815,0.385982931,11,1,0,11.02122402,25.60873032,0.34539023,17.74674606,0.170681253,2.961401224,0.166870102,6.129552841,1.022839069,0.122581229,0.180906579,0.849918664,291.5,1097.333333,1790
30,800077.8171,6759164.734,8,OD01,17/05/2020,2020,22.5,15,30,8.9,8.1,0.15,0.9,10,7.7,0.9,5,50,22,0.34,4.8,0.64,4.6,27.3,2.3,0.52,4.8,5.3,0.06,0.6,43,8,10,22,68,0.87,90.39028931,161.6702728,173.475769,230.639389,0.247286111,13.34042072,1.106459498,1003.21582,-0.063875759,229.7258753,227,264.0758667,0,7,-0.005405925,-7.82E-05,0.221150815,0.385982931,11,1,0,11.02122402,25.60873032,0.34539023,17.74674606,0.170681253,2.961401224,0.166870102,6.129552841,1.022839069,0.122581229,0.180906579,0.849918664,291.5,1097.333333,1790
31,800077.8171,6759164.734,8,OD01,17/05/2020,2020,45,30,60,9.4,8.4,0.18,NA,10,5.4,0.8,NA,NA,24,0.26,6.7,2,3.6,32.8,6,NA,NA,NA,NA,NA,14,NA,8,16,76,NA,90.39028931,161.6702728,173.475769,230.639389,0.247286111,13.34042072,1.106459498,1003.21582,-0.063875759,229.7258753,227,264.0758667,0,7,-0.005405925,-7.82E-05,0.221150815,0.385982931,11,1,0,11.02122402,25.60873032,0.34539023,17.74674606,0.170681253,2.961401224,0.166870102,6.129552841,1.022839069,0.122581229,0.180906579,0.849918664,291.5,1097.333333,1790
32,800077.8171,6759164.734,8,OD01,17/05/2020,2020,75,60,90,9.5,8.5,0.27,NA,10,4.7,0.7,NA,NA,24,0.27,7.3,3.5,3.3,35.4,9.9,NA,NA,NA,NA,NA,34,NA,8,13,80,NA,90.39028931,161.6702728,173.475769,230.639389,0.247286111,13.34042072,1.106459498,1003.21582,-0.063875759,229.7258753,227,264.0758667,0,7,-0.005405925,-7.82E-05,0.221150815,0.385982931,11,1,0,11.02122402,25.60873032,0.34539023,17.74674606,0.170681253,2.961401224,0.166870102,6.129552841,1.022839069,0.122581229,0.180906579,0.849918664,291.5,1097.333333,1790
33,798984.5011,6758184.116,9,OD01,17/05/2020,2020,7.5,0,15,7.3,6.6,0.13,0.8,10,34,1.4,12,36,19,1.1,4.9,0.55,3.9,25.5,2.2,0.68,7.5,17,0.22,1,9,19,9,31,61,1,99.32439423,167.6409302,180.2350769,226.935318,0.162788957,12.30038929,1.317296505,965.4544067,-0.020366112,227.5729549,228,317.1907349,2.538962126,7,0.002496915,2.03E-05,0.084566429,0.147596374,11,2,0,13.37534237,23.18272591,0.222333103,27.70149231,0.121769689,3.895104408,0.140609905,6.158958912,0.866010666,0.115376867,0.170238763,0.836786985,326.5,1093.5,1845.333333
34,798984.5011,6758184.116,9,OD01,17/05/2020,2020,22.5,15,30,9,8.1,0.18,1.1,10,26,1.1,5,51,25,0.3,5.8,1.3,4.3,32.1,3.9,0.48,5.3,3.4,0.05,1,8,7,5,20,76,0.84,99.32439423,167.6409302,180.2350769,226.935318,0.162788957,12.30038929,1.317296505,965.4544067,-0.020366112,227.5729549,228,317.1907349,2.538962126,7,0.002496915,2.03E-05,0.084566429,0.147596374,11,2,0,13.37534237,23.18272591,0.222333103,27.70149231,0.121769689,3.895104408,0.140609905,6.158958912,0.866010666,0.115376867,0.170238763,0.836786985,326.5,1093.5,1845.333333
35,798984.5011,6758184.116,9,OD01,17/05/2020,2020,45,30,60,9.4,8.4,0.21,NA,10,14,0.8,NA,NA,28,0.24,7.2,2.4,3.9,37.5,6.5,NA,NA,NA,NA,NA,6,NA,5,15,80,NA,99.32439423,167.6409302,180.2350769,226.935318,0.162788957,12.30038929,1.317296505,965.4544067,-0.020366112,227.5729549,228,317.1907349,2.538962126,7,0.002496915,2.03E-05,0.084566429,0.147596374,11,2,0,13.37534237,23.18272591,0.222333103,27.70149231,0.121769689,3.895104408,0.140609905,6.158958912,0.866010666,0.115376867,0.170238763,0.836786985,326.5,1093.5,1845.333333
36,798984.5011,6758184.116,9,OD01,17/05/2020,2020,75,60,90,9.5,8.5,0.3,NA,23,16,0.8,NA,NA,25,0.51,7.4,3.9,3.4,36.7,10,NA,NA,NA,NA,NA,22,NA,6,16,77,NA,99.32439423,167.6409302,180.2350769,226.935318,0.162788957,12.30038929,1.317296505,965.4544067,-0.020366112,227.5729549,228,317.1907349,2.538962126,7,0.002496915,2.03E-05,0.084566429,0.147596374,11,2,0,13.37534237,23.18272591,0.222333103,27.70149231,0.121769689,3.895104408,0.140609905,6.158958912,0.866010666,0.115376867,0.170238763,0.836786985,326.5,1093.5,1845.333333
37,799400.6578,6758080.706,10,OD01,17/05/2020,2020,7.5,0,15,7.9,7.2,0.15,0.9,10,18,0.9,14,39,13,0.76,3.5,0.24,3.7,17.2,1.4,0.71,11,18,0.33,0.7,5,18,7,21,72,1.1,76.93293762,137.2502747,151.4694061,201.8089294,0.176161453,11.28339386,0.838747203,872.8905029,0.072648725,228.4083942,228,260.7796021,2.576603889,7,0.008232598,-3.88E-05,0.270124942,0.471460462,11,2,0,10.7500639,19.07528305,0.129596829,37.53118896,0.175940409,7.138086319,0.190190777,4.863923073,0.925073326,0.13006711,0.181564778,0.83025831,360,1190.125,1893
38,799400.6578,6758080.706,10,OD01,17/05/2020,2020,22.5,15,30,8.3,7.5,0.11,0.7,10,11,1,9,33,13,0.4,4.2,0.31,3.1,18.2,1.7,0.56,6.4,7.6,0.32,0.7,2,15,6,20,74,0.81,76.93293762,137.2502747,151.4694061,201.8089294,0.176161453,11.28339386,0.838747203,872.8905029,0.072648725,228.4083942,228,260.7796021,2.576603889,7,0.008232598,-3.88E-05,0.270124942,0.471460462,11,2,0,10.7500639,19.07528305,0.129596829,37.53118896,0.175940409,7.138086319,0.190190777,4.863923073,0.925073326,0.13006711,0.181564778,0.83025831,360,1190.125,1893
39,799400.6578,6758080.706,10,OD01,17/05/2020,2020,45,30,60,9.3,8.3,0.17,NA,10,11,0.9,NA,NA,27,0.24,8.5,1.4,3.2,37.2,3.7,NA,NA,NA,NA,NA,5,NA,4,18,79,NA,76.93293762,137.2502747,151.4694061,201.8089294,0.176161453,11.28339386,0.838747203,872.8905029,0.072648725,228.4083942,228,260.7796021,2.576603889,7,0.008232598,-3.88E-05,0.270124942,0.471460462,11,2,0,10.7500639,19.07528305,0.129596829,37.53118896,0.175940409,7.138086319,0.190190777,4.863923073,0.925073326,0.13006711,0.181564778,0.83025831,360,1190.125,1893
40,799400.6578,6758080.706,10,OD01,17/05/2020,2020,75,60,90,9.7,8.6,0.26,NA,12,13,0.8,NA,NA,22,0.21,7.9,3.2,2.8,33.3,9.5,NA,NA,NA,NA,NA,6,NA,5,18,77,NA,76.93293762,137.2502747,151.4694061,201.8089294,0.176161453,11.28339386,0.838747203,872.8905029,0.072648725,228.4083942,228,260.7796021,2.576603889,7,0.008232598,-3.88E-05,0.270124942,0.471460462,11,2,0,10.7500639,19.07528305,0.129596829,37.53118896,0.175940409,7.138086319,0.190190777,4.863923073,0.925073326,0.13006711,0.181564778,0.83025831,360,1190.125,1893
41,794397.4267,6761324.088,1,OD02,17/05/2020,2020,7.5,0,15,8,7.2,0.23,1.4,10,18,1,18,64,21,0.89,8.2,1.7,2.6,31.8,5.4,0.81,9.9,26,0.34,0.7,16,19,9,32,59,0.95,129.7474976,228.1792297,229.1599884,287.9585266,0.242409989,13.64996243,1.83229208,1112.492676,0.009106755,219.7559955,218,260.1488342,5.510653973,7,0.000596913,1.89E-05,0.120236337,0.209852308,11,2,0,13.77619267,26.48218918,0.117264271,61.00781631,0.219190136,10.67874908,0.175039038,7.154036999,1.25223577,0.109020956,0.157680169,0.812084973,430,1193.666667,1786.333333
42,794397.4267,6761324.088,1,OD02,17/05/2020,2020,22.5,15,30,8,6.9,0.14,0.9,20,15,1.1,5,78,21,0.47,8.2,3.2,2.6,33.1,9.7,0.77,11,16,0.12,1,11,10,6,28,66,0.76,129.7474976,228.1792297,229.1599884,287.9585266,0.242409989,13.64996243,1.83229208,1112.492676,0.009106755,219.7559955,218,260.1488342,5.510653973,7,0.000596913,1.89E-05,0.120236337,0.209852308,11,2,0,13.77619267,26.48218918,0.117264271,61.00781631,0.219190136,10.67874908,0.175039038,7.154036999,1.25223577,0.109020956,0.157680169,0.812084973,430,1193.666667,1786.333333
43,794397.4267,6761324.088,1,OD02,17/05/2020,2020,45,30,60,8.2,7.3,0.32,NA,120,30,1.2,NA,NA,23,0.45,9.7,5.8,2.4,38.6,15,NA,NA,NA,NA,NA,71,NA,9,23,68,NA,129.7474976,228.1792297,229.1599884,287.9585266,0.242409989,13.64996243,1.83229208,1112.492676,0.009106755,219.7559955,218,260.1488342,5.510653973,7,0.000596913,1.89E-05,0.120236337,0.209852308,11,2,0,13.77619267,26.48218918,0.117264271,61.00781631,0.219190136,10.67874908,0.175039038,7.154036999,1.25223577,0.109020956,0.157680169,0.812084973,430,1193.666667,1786.333333
44,794397.4267,6761324.088,1,OD02,17/05/2020,2020,75,60,90,7.5,7.4,2.66,NA,720,16,1.3,NA,NA,39,0.65,10,11,3.9,61,18,NA,NA,NA,NA,NA,2400,NA,5,20,75,NA,129.7474976,228.1792297,229.1599884,287.9585266,0.242409989,13.64996243,1.83229208,1112.492676,0.009106755,219.7559955,218,260.1488342,5.510653973,7,0.000596913,1.89E-05,0.120236337,0.209852308,11,2,0,13.77619267,26.48218918,0.117264271,61.00781631,0.219190136,10.67874908,0.175039038,7.154036999,1.25223577,0.109020956,0.157680169,0.812084973,430,1193.666667,1786.333333
45,796591.6955,6760989.772,2,OD02,17/05/2020,2020,7.5,0,15,7.3,6.5,0.16,1,15,22,1.2,18,50,21,1.5,7.7,1.1,2.7,31.2,3.5,0.98,11,26,0.35,0.9,35,24,10,36,54,0.95,126.1625977,219.4449768,236.0415497,295.940979,0.239634022,18.3446846,2.622900963,1276.102051,0.027703237,223.8006515,224,292.5115356,5.506596088,7,-0.001892264,2.80E-06,0.072095364,0.125830218,11,2,0,13.50193882,27.36159515,0.242146686,29.81563568,0.16472064,4.503568649,0.1510472,7.219757557,1.090524197,0.103465497,0.158224866,0.836621284,296,1097.5,1700.5
46,796591.6955,6760989.772,2,OD02,17/05/2020,2020,22.5,15,30,7.9,6.7,0.16,1,12,36,1.2,12,61,21,0.63,7.5,2.3,2.8,31.4,7.3,1,13,17,0.19,1.1,20,17,9,29,62,0.82,126.1625977,219.4449768,236.0415497,295.940979,0.239634022,18.3446846,2.622900963,1276.102051,0.027703237,223.8006515,224,292.5115356,5.506596088,7,-0.001892264,2.80E-06,0.072095364,0.125830218,11,2,0,13.50193882,27.36159515,0.242146686,29.81563568,0.16472064,4.503568649,0.1510472,7.219757557,1.090524197,0.103465497,0.158224866,0.836621284,296,1097.5,1700.5
47,796591.6955,6760989.772,2,OD02,17/05/2020,2020,45,30,60,8.6,7.5,0.23,NA,33,52,1.1,NA,NA,25,0.52,9.9,5,2.5,40.4,12,NA,NA,NA,NA,NA,18,NA,9,28,64,NA,126.1625977,219.4449768,236.0415497,295.940979,0.239634022,18.3446846,2.622900963,1276.102051,0.027703237,223.8006515,224,292.5115356,5.506596088,7,-0.001892264,2.80E-06,0.072095364,0.125830218,11,2,0,13.50193882,27.36159515,0.242146686,29.81563568,0.16472064,4.503568649,0.1510472,7.219757557,1.090524197,0.103465497,0.158224866,0.836621284,296,1097.5,1700.5
48,796591.6955,6760989.772,2,OD02,17/05/2020,2020,75,60,90,7.8,7.6,2.25,NA,300,32,1.4,NA,NA,39,0.46,10,8.6,3.9,58.3,15,NA,NA,NA,NA,NA,2000,NA,8,29,63,NA,126.1625977,219.4449768,236.0415497,295.940979,0.239634022,18.3446846,2.622900963,1276.102051,0.027703237,223.8006515,224,292.5115356,5.506596088,7,-0.001892264,2.80E-06,0.072095364,0.125830218,11,2,0,13.50193882,27.36159515,0.242146686,29.81563568,0.16472064,4.503568649,0.1510472,7.219757557,1.090524197,0.103465497,0.158224866,0.836621284,296,1097.5,1700.5
49,795889.6425,6760237.53,3,OD02,17/05/2020,2020,7.5,0,15,6.7,5.8,0.12,0.7,10,26,0.8,30,56,24,0.61,6.9,0.78,3.5,32.2,2.4,1.1,14,37,0.38,0.8,22,30,10,41,50,0.91,113.1955872,188.6910553,205.2752533,253.3044281,0.180408612,19.15393066,2.598914146,1262.457397,-0.023187472,222.1306394,223,42.93770599,4.520961285,7,0.017671697,1.41E-05,0.12575826,0.219489917,11,3,0,9.673020363,26.35502052,0.171614036,42.55728531,0.14778915,6.053852081,0.142251849,7.303427219,1.038926005,0.107969977,0.165974289,0.832487285,310,1032.6,1817
50,795889.6425,6760237.53,3,OD02,17/05/2020,2020,22.5,15,30,7.3,6.3,0.16,1,12,32,1.1,9,51,25,0.41,7.2,1.5,3.5,34.3,4.4,1.1,14,23,0.2,0.8,57,12,10,32,58,0.83,113.1955872,188.6910553,205.2752533,253.3044281,0.180408612,19.15393066,2.598914146,1262.457397,-0.023187472,222.1306394,223,42.93770599,4.520961285,7,0.017671697,1.41E-05,0.12575826,0.219489917,11,3,0,9.673020363,26.35502052,0.171614036,42.55728531,0.14778915,6.053852081,0.142251849,7.303427219,1.038926005,0.107969977,0.165974289,0.832487285,310,1032.6,1817
51,795889.6425,6760237.53,3,OD02,17/05/2020,2020,45,30,60,7.9,6.9,0.17,NA,10,35,1.1,NA,NA,24,0.28,7.6,2.3,3.2,34.4,6.7,NA,NA,NA,NA,NA,40,NA,4,22,75,NA,113.1955872,188.6910553,205.2752533,253.3044281,0.180408612,19.15393066,2.598914146,1262.457397,-0.023187472,222.1306394,223,42.93770599,4.520961285,7,0.017671697,1.41E-05,0.12575826,0.219489917,11,3,0,9.673020363,26.35502052,0.171614036,42.55728531,0.14778915,6.053852081,0.142251849,7.303427219,1.038926005,0.107969977,0.165974289,0.832487285,310,1032.6,1817
52,795889.6425,6760237.53,3,OD02,17/05/2020,2020,75,60,90,7.2,7.1,2.7,NA,26,33,1.1,NA,NA,62,0.38,8.4,4.5,7.4,74.9,6,NA,NA,NA,NA,NA,2400,NA,5,25,71,NA,113.1955872,188.6910553,205.2752533,253.3044281,0.180408612,19.15393066,2.598914146,1262.457397,-0.023187472,222.1306394,223,42.93770599,4.520961285,7,0.017671697,1.41E-05,0.12575826,0.219489917,11,3,0,9.673020363,26.35502052,0.171614036,42.55728531,0.14778915,6.053852081,0.142251849,7.303427219,1.038926005,0.107969977,0.165974289,0.832487285,310,1032.6,1817
53,794393.1843,6760114.522,4,OD02,17/05/2020,2020,7.5,0,15,7.3,6.6,0.18,1.1,10,15,0.6,12,58,23,0.66,6.9,0.59,3.3,30.9,1.9,0.97,9,24,0.32,1.1,45,14,9,37,54,0.9,110.6336899,191.3921509,212.9152679,262.6407471,0.030284829,13.63426113,3.109757185,1204.69397,0.061859163,219.6009257,221,279.8850098,4.595579624,7,0.006092756,3.27E-05,0.440906465,0.769542158,11,2,0,9.339363098,26.30712128,0.173996359,45.76295471,0.067903273,4.226027489,0.092346035,7.962587357,0.735313356,0.10779576,0.150009483,0.865439415,280.3333333,1143.5,1896
54,794393.1843,6760114.522,4,OD02,17/05/2020,2020,22.5,15,30,8,7.7,0.61,3.8,10,18,0.7,5,81,30,0.36,7.4,1.1,4.1,38.6,2.8,0.78,9.3,8.7,0.13,1.8,400,8,4,17,79,0.81,110.6336899,191.3921509,212.9152679,262.6407471,0.030284829,13.63426113,3.109757185,1204.69397,0.061859163,219.6009257,221,279.8850098,4.595579624,7,0.006092756,3.27E-05,0.440906465,0.769542158,11,2,0,9.339363098,26.30712128,0.173996359,45.76295471,0.067903273,4.226027489,0.092346035,7.962587357,0.735313356,0.10779576,0.150009483,0.865439415,280.3333333,1143.5,1896
55,794393.1843,6760114.522,4,OD02,17/05/2020,2020,45,30,60,7.8,7.7,2.46,NA,10,18,0.6,NA,NA,62,0.29,7.7,2.1,8.1,72.3,2.9,NA,NA,NA,NA,NA,2700,NA,6,20,73,NA,110.6336899,191.3921509,212.9152679,262.6407471,0.030284829,13.63426113,3.109757185,1204.69397,0.061859163,219.6009257,221,279.8850098,4.595579624,7,0.006092756,3.27E-05,0.440906465,0.769542158,11,2,0,9.339363098,26.30712128,0.173996359,45.76295471,0.067903273,4.226027489,0.092346035,7.962587357,0.735313356,0.10779576,0.150009483,0.865439415,280.3333333,1143.5,1896
56,794393.1843,6760114.522,4,OD02,17/05/2020,2020,75,60,90,7.7,7.6,2.83,NA,53,13,0.7,NA,NA,100,0.29,9,4.3,11,115,3.7,NA,NA,NA,NA,NA,3400,NA,9,17,75,NA,110.6336899,191.3921509,212.9152679,262.6407471,0.030284829,13.63426113,3.109757185,1204.69397,0.061859163,219.6009257,221,279.8850098,4.595579624,7,0.006092756,3.27E-05,0.440906465,0.769542158,11,2,0,9.339363098,26.30712128,0.173996359,45.76295471,0.067903273,4.226027489,0.092346035,7.962587357,0.735313356,0.10779576,0.150009483,0.865439415,280.3333333,1143.5,1896
57,794951.0312,6759999.917,5,OD02,17/05/2020,2020,7.5,0,15,6.9,6.1,0.19,1.2,10,20,0.8,22,60,21,0.47,7.8,1.1,2.7,30.5,3.5,1.1,15,40,0.43,1,67,24,8,28,64,0.82,111.3737946,189.1447296,210.3208008,261.8289185,0.107412122,16.35564423,5.505152702,989.8139648,0.042480819,220.6414419,218,53.21007919,4.587143898,7,-0.060317438,-8.64E-05,0.012073151,0.021071624,11,1,0,14.46454334,26.68742561,0.175459504,40.96869278,0.180542916,6.492737293,0.158480465,7.188346386,1.139212489,0.107085191,0.161622569,0.839719892,316.5,1068.4,1719
58,794951.0312,6759999.917,5,OD02,17/05/2020,2020,22.5,15,30,8.1,7.7,0.61,3.8,10,20,0.9,5,78,29,0.26,8.6,2,3.4,39.9,5,0.84,10,9,0.13,1.3,280,9,6,26,69,0.77,111.3737946,189.1447296,210.3208008,261.8289185,0.107412122,16.35564423,5.505152702,989.8139648,0.042480819,220.6414419,218,53.21007919,4.587143898,7,-0.060317438,-8.64E-05,0.012073151,0.021071624,11,1,0,14.46454334,26.68742561,0.175459504,40.96869278,0.180542916,6.492737293,0.158480465,7.188346386,1.139212489,0.107085191,0.161622569,0.839719892,316.5,1068.4,1719
59,794951.0312,6759999.917,5,OD02,17/05/2020,2020,45,30,60,8.9,8,0.29,NA,10,31,0.7,NA,NA,24,0.23,8.5,2.8,2.8,35.5,7.9,NA,NA,NA,NA,NA,58,NA,6,24,70,NA,111.3737946,189.1447296,210.3208008,261.8289185,0.107412122,16.35564423,5.505152702,989.8139648,0.042480819,220.6414419,218,53.21007919,4.587143898,7,-0.060317438,-8.64E-05,0.012073151,0.021071624,11,1,0,14.46454334,26.68742561,0.175459504,40.96869278,0.180542916,6.492737293,0.158480465,7.188346386,1.139212489,0.107085191,0.161622569,0.839719892,316.5,1068.4,1719
60,794951.0312,6759999.917,5,OD02,17/05/2020,2020,75,60,90,7.8,7.7,2.85,NA,11,31,0.6,NA,NA,120,0.29,9,4.6,13,130,3.5,NA,NA,NA,NA,NA,3200,NA,4,29,67,NA,111.3737946,189.1447296,210.3208008,261.8289185,0.107412122,16.35564423,5.505152702,989.8139648,0.042480819,220.6414419,218,53.21007919,4.587143898,7,-0.060317438,-8.64E-05,0.012073151,0.021071624,11,1,0,14.46454334,26.68742561,0.175459504,40.96869278,0.180542916,6.492737293,0.158480465,7.188346386,1.139212489,0.107085191,0.161622569,0.839719892,316.5,1068.4,1719
61,793543.5883,6759920.724,6,OD02,17/05/2020,2020,7.5,0,15,6.9,6,0.21,1.3,11,26,0.9,20,49,15,0.51,6.7,1.4,2.2,23.8,5.9,1.1,17,40,1,0.8,86,8,14,28,58,0.91,112.0156097,196.9908752,218.8248444,267.6078491,0.100323893,12.98290348,1.834769845,1122.975342,-0.026120287,217.0025028,216,252.5709076,3.629235744,7,0.00425681,5.76E-05,0.295824885,0.516316414,11,2,0,10.08088017,23.65347672,0.206770748,29.46122742,0.168910712,4.905796051,0.166517019,6.091720104,1.014375091,0.10711997,0.158092409,0.84967953,312,1192.8,1781.8
62,793543.5883,6759920.724,6,OD02,17/05/2020,2020,22.5,15,30,8.1,7,0.18,1.1,13,14,0.8,8,57,16,0.21,7,2.5,2.3,25.6,9.7,0.89,12,14,0.28,1.2,50,5,6,32,62,0.75,112.0156097,196.9908752,218.8248444,267.6078491,0.100323893,12.98290348,1.834769845,1122.975342,-0.026120287,217.0025028,216,252.5709076,3.629235744,7,0.00425681,5.76E-05,0.295824885,0.516316414,11,2,0,10.08088017,23.65347672,0.206770748,29.46122742,0.168910712,4.905796051,0.166517019,6.091720104,1.014375091,0.10711997,0.158092409,0.84967953,312,1192.8,1781.8
63,793543.5883,6759920.724,6,OD02,17/05/2020,2020,45,30,60,8.5,7.5,0.3,NA,81,15,0.7,NA,NA,18,0.21,8.7,4.2,2.1,30.7,14,NA,NA,NA,NA,NA,110,NA,5,22,73,NA,112.0156097,196.9908752,218.8248444,267.6078491,0.100323893,12.98290348,1.834769845,1122.975342,-0.026120287,217.0025028,216,252.5709076,3.629235744,7,0.00425681,5.76E-05,0.295824885,0.516316414,11,2,0,10.08088017,23.65347672,0.206770748,29.46122742,0.168910712,4.905796051,0.166517019,6.091720104,1.014375091,0.10711997,0.158092409,0.84967953,312,1192.8,1781.8
64,793543.5883,6759920.724,6,OD02,17/05/2020,2020,75,60,90,7.7,7.2,1.04,NA,610,7.8,1,NA,NA,19,0.26,11,8.6,1.7,38.8,22,NA,NA,NA,NA,NA,470,NA,4,17,80,NA,112.0156097,196.9908752,218.8248444,267.6078491,0.100323893,12.98290348,1.834769845,1122.975342,-0.026120287,217.0025028,216,252.5709076,3.629235744,7,0.00425681,5.76E-05,0.295824885,0.516316414,11,2,0,10.08088017,23.65347672,0.206770748,29.46122742,0.168910712,4.905796051,0.166517019,6.091720104,1.014375091,0.10711997,0.158092409,0.84967953,312,1192.8,1781.8
65,793784.6776,6759575.488,7,OD02,17/05/2020,2020,7.5,0,15,7.8,7.1,0.12,0.7,10,28,0.6,21,43,18,0.62,5.4,0.56,3.3,24.7,2.2,0.79,7.3,9.3,0.26,0.8,28,24,8,33,60,0.89,88.38617706,149.9827118,171.2556763,210.6665802,0.137302816,10.16005325,1.114302993,987.6140137,-0.089671759,216.6798084,217,200.9429932,0,7,-0.005232204,5.85E-05,0.215814576,0.376669258,11,2,0,14.70457458,23.08478546,0.185380995,31.75295258,0.188615978,5.68392992,0.179004759,5.886394024,1.053692579,0.119528048,0.162239403,0.844118357,319,1175,1957.666667
66,793784.6776,6759575.488,7,OD02,17/05/2020,2020,22.5,15,30,8.9,8.1,0.17,1.1,10,22,0.6,5,51,24,0.21,6.1,0.85,3.9,30.7,2.8,0.67,7.7,3.7,0.26,0.8,14,9,5,23,72,0.65,88.38617706,149.9827118,171.2556763,210.6665802,0.137302816,10.16005325,1.114302993,987.6140137,-0.089671759,216.6798084,217,200.9429932,0,7,-0.005232204,5.85E-05,0.215814576,0.376669258,11,2,0,14.70457458,23.08478546,0.185380995,31.75295258,0.188615978,5.68392992,0.179004759,5.886394024,1.053692579,0.119528048,0.162239403,0.844118357,319,1175,1957.666667
67,793784.6776,6759575.488,7,OD02,17/05/2020,2020,45,30,60,9.4,8.4,0.19,NA,10,11,0.6,NA,NA,26,0.14,8,2.2,3.3,36.3,6.1,NA,NA,NA,NA,NA,12,NA,5,17,78,NA,88.38617706,149.9827118,171.2556763,210.6665802,0.137302816,10.16005325,1.114302993,987.6140137,-0.089671759,216.6798084,217,200.9429932,0,7,-0.005232204,5.85E-05,0.215814576,0.376669258,11,2,0,14.70457458,23.08478546,0.185380995,31.75295258,0.188615978,5.68392992,0.179004759,5.886394024,1.053692579,0.119528048,0.162239403,0.844118357,319,1175,1957.666667
68,793784.6776,6759575.488,7,OD02,17/05/2020,2020,75,60,90,9.6,8.5,0.3,NA,10,12,0.6,NA,NA,19,0.09,8,3.7,2.4,30.6,12,NA,NA,NA,NA,NA,21,NA,6,16,78,NA,88.38617706,149.9827118,171.2556763,210.6665802,0.137302816,10.16005325,1.114302993,987.6140137,-0.089671759,216.6798084,217,200.9429932,0,7,-0.005232204,5.85E-05,0.215814576,0.376669258,11,2,0,14.70457458,23.08478546,0.185380995,31.75295258,0.188615978,5.68392992,0.179004759,5.886394024,1.053692579,0.119528048,0.162239403,0.844118357,319,1175,1957.666667
69,795245.4513,6759368.178,8,OD02,17/05/2020,2020,7.5,0,15,6.8,6.1,0.13,0.8,10,39,0.7,31,42,17,0.71,5.7,0.65,3,23.6,2.7,1.1,14,36,2.5,0.9,10,32,11,29,60,0.97,99.72361755,171.0697479,192.0658417,241.1056061,0.07312905,14.89716244,3.16282177,1158.43396,0.162594924,220.6444906,219,187.2139893,3.504868507,7,-0.018490693,-0.000166545,0.341507435,0.596049964,11,2,0,10.11199951,22.70163918,0.163958028,32.60315323,0.30326581,7.765603065,0.238185644,5.34554863,1.273232937,0.122852035,0.181735978,0.853104472,293,1127.25,1895
70,795245.4513,6759368.178,8,OD02,17/05/2020,2020,22.5,15,30,8.2,7.6,0.31,1.9,11,31,0.7,6,38,23,0.29,7.3,1.5,3.2,32.3,4.5,0.71,8.1,9.2,0.15,1,98,11,8,21,72,0.87,99.72361755,171.0697479,192.0658417,241.1056061,0.07312905,14.89716244,3.16282177,1158.43396,0.162594924,220.6444906,219,187.2139893,3.504868507,7,-0.018490693,-0.000166545,0.341507435,0.596049964,11,2,0,10.11199951,22.70163918,0.163958028,32.60315323,0.30326581,7.765603065,0.238185644,5.34554863,1.273232937,0.122852035,0.181735978,0.853104472,293,1127.25,1895
71,795245.4513,6759368.178,8,OD02,17/05/2020,2020,45,30,60,9.1,8.2,0.27,NA,10,29,0.7,NA,NA,31,0.25,8.9,2.9,3.5,43,6.8,NA,NA,NA,NA,NA,20,NA,6,20,74,NA,99.72361755,171.0697479,192.0658417,241.1056061,0.07312905,14.89716244,3.16282177,1158.43396,0.162594924,220.6444906,219,187.2139893,3.504868507,7,-0.018490693,-0.000166545,0.341507435,0.596049964,11,2,0,10.11199951,22.70163918,0.163958028,32.60315323,0.30326581,7.765603065,0.238185644,5.34554863,1.273232937,0.122852035,0.181735978,0.853104472,293,1127.25,1895
72,795245.4513,6759368.178,8,OD02,17/05/2020,2020,75,60,90,8.1,7.9,1.93,NA,10,30,0.6,NA,NA,36,0.17,7.3,3.8,4.9,47.3,8,NA,NA,NA,NA,NA,1700,NA,6,19,76,NA,99.72361755,171.0697479,192.0658417,241.1056061,0.07312905,14.89716244,3.16282177,1158.43396,0.162594924,220.6444906,219,187.2139893,3.504868507,7,-0.018490693,-0.000166545,0.341507435,0.596049964,11,2,0,10.11199951,22.70163918,0.163958028,32.60315323,0.30326581,7.765603065,0.238185644,5.34554863,1.273232937,0.122852035,0.181735978,0.853104472,293,1127.25,1895
73,797276.3487,6762366.55,1,OD03,17/05/2020,2020,7.5,0,15,8.2,7.5,0.3,1.9,14,63,1,11,65,28,0.65,7,1.4,4,37.3,3.8,0.71,7.6,8.4,0.17,1,43,16,10,36,54,0.75,113.9402466,203.6502075,219.8664703,279.3452759,0.363772064,15.1346693,1.839902282,1138.320801,0.006666671,224.5162123,226,286.3453979,5.504497528,7,0.003311723,6.52E-06,0.092390157,0.161251381,11,2,0,12.8835125,27.08499718,0.16898635,40.75782394,0.267121196,8.026641846,0.196934983,6.887516022,1.35639286,0.110924222,0.162886694,0.827142835,324.75,1147,1929
74,797276.3487,6762366.55,1,OD03,17/05/2020,2020,45,30,60,9.2,8.3,0.34,NA,23,30,0.7,NA,NA,32,0.33,10,4.5,3.2,47.1,9.6,NA,NA,NA,NA,NA,8,NA,6,19,75,NA,113.9402466,203.6502075,219.8664703,279.3452759,0.363772064,15.1346693,1.839902282,1138.320801,0.006666671,224.5162123,226,286.3453979,5.504497528,7,0.003311723,6.52E-06,0.092390157,0.161251381,11,2,0,12.8835125,27.08499718,0.16898635,40.75782394,0.267121196,8.026641846,0.196934983,6.887516022,1.35639286,0.110924222,0.162886694,0.827142835,324.75,1147,1929
75,797276.3487,6762366.55,1,OD03,17/05/2020,2020,75,60,90,9.4,8.6,0.57,NA,220,16,0.7,NA,NA,33,0.41,11,8.8,3,53.4,16,NA,NA,NA,NA,NA,30,NA,5,14,81,NA,113.9402466,203.6502075,219.8664703,279.3452759,0.363772064,15.1346693,1.839902282,1138.320801,0.006666671,224.5162123,226,286.3453979,5.504497528,7,0.003311723,6.52E-06,0.092390157,0.161251381,11,2,0,12.8835125,27.08499718,0.16898635,40.75782394,0.267121196,8.026641846,0.196934983,6.887516022,1.35639286,0.110924222,0.162886694,0.827142835,324.75,1147,1929
76,795603.1827,6762217.458,2,OD03,17/05/2020,2020,7.5,0,15,6.9,6,0.12,0.7,10,28,1,41,53,20,0.8,7.6,1.2,2.6,29.7,4.1,0.86,18,39,1.5,0.8,11,40,10,35,54,0.77,106.2345428,184.4762573,199.6861572,251.3402863,0.35194397,17.49135017,1.23830533,1158.856934,0.004218299,221.7059056,225,277.7426758,5.516541004,7,0.000183161,-1.36E-05,0.103442833,0.180541992,11,2,0,14.880023,27.06222343,0.29505372,23.73177147,0.146111459,3.428125143,0.144452989,7.002147198,1.011481047,0.110708103,0.164502531,0.800281286,375.3333333,1095.5,1913.5
77,795603.1827,6762217.458,2,OD03,17/05/2020,2020,22.5,15,30,8.3,7.1,0.14,0.9,10,23,0.6,5,59,25,0.46,8.7,2.4,2.9,36.3,6.6,0.58,9.6,8.7,0.15,1,11,7,6,22,72,0.52,106.2345428,184.4762573,199.6861572,251.3402863,0.35194397,17.49135017,1.23830533,1158.856934,0.004218299,221.7059056,225,277.7426758,5.516541004,7,0.000183161,-1.36E-05,0.103442833,0.180541992,11,2,0,14.880023,27.06222343,0.29505372,23.73177147,0.146111459,3.428125143,0.144452989,7.002147198,1.011481047,0.110708103,0.164502531,0.800281286,375.3333333,1095.5,1913.5
78,795603.1827,6762217.458,2,OD03,17/05/2020,2020,45,30,60,8.8,7.6,0.14,NA,10,19,0.7,NA,NA,24,0.39,9.2,3.5,2.6,36.8,9.6,NA,NA,NA,NA,NA,8,NA,9,22,69,NA,106.2345428,184.4762573,199.6861572,251.3402863,0.35194397,17.49135017,1.23830533,1158.856934,0.004218299,221.7059056,225,277.7426758,5.516541004,7,0.000183161,-1.36E-05,0.103442833,0.180541992,11,2,0,14.880023,27.06222343,0.29505372,23.73177147,0.146111459,3.428125143,0.144452989,7.002147198,1.011481047,0.110708103,0.164502531,0.800281286,375.3333333,1095.5,1913.5
79,795603.1827,6762217.458,2,OD03,17/05/2020,2020,75,60,90,7.8,7.7,2.77,NA,110,18,0.7,NA,NA,55,0.51,9.6,6.5,5.7,71.5,9.1,NA,NA,NA,NA,NA,2300,NA,6,27,67,NA,106.2345428,184.4762573,199.6861572,251.3402863,0.35194397,17.49135017,1.23830533,1158.856934,0.004218299,221.7059056,225,277.7426758,5.516541004,7,0.000183161,-1.36E-05,0.103442833,0.180541992,11,2,0,14.880023,27.06222343,0.29505372,23.73177147,0.146111459,3.428125143,0.144452989,7.002147198,1.011481047,0.110708103,0.164502531,0.800281286,375.3333333,1095.5,1913.5
80,793769.5904,6762133.903,3,OD03,17/05/2020,2020,7.5,0,15,8,7,0.13,0.8,10,17,0.7,10,54,26,0.85,8.2,1.4,3.2,36.3,3.9,0.69,8.9,8.1,0.21,0.8,41,12,12,43,46,0.74,107.488327,190.7659149,213.7439117,260.4760437,0.3447873,20.75221252,1.866952062,1279.467896,0.006584381,218.6328062,216,311.1085815,5.523965359,7,-0.011633282,-1.25E-05,0.039222658,0.068456464,11,2,0,16.66915894,27.19363976,0.25389123,27.93108559,0.167615667,4.294151306,0.153740942,7.091457844,1.090247393,0.107080743,0.166815042,0.830047846,299.5,1070,1768
81,793769.5904,6762133.903,3,OD03,17/05/2020,2020,22.5,15,30,9,7.7,0.14,0.9,10,13,0.6,5,67,26,0.36,8.1,2.8,3.2,37.4,7.4,0.62,8.1,4.2,0.05,1.1,9,6,6,18,77,0.5,107.488327,190.7659149,213.7439117,260.4760437,0.3447873,20.75221252,1.866952062,1279.467896,0.006584381,218.6328062,216,311.1085815,5.523965359,7,-0.011633282,-1.25E-05,0.039222658,0.068456464,11,2,0,16.66915894,27.19363976,0.25389123,27.93108559,0.167615667,4.294151306,0.153740942,7.091457844,1.090247393,0.107080743,0.166815042,0.830047846,299.5,1070,1768
82,793769.5904,6762133.903,3,OD03,17/05/2020,2020,45,30,60,9.4,8.3,0.25,NA,10,11,0.6,NA,NA,25,0.35,8.8,4.6,2.8,38.6,12,NA,NA,NA,NA,NA,13,NA,7,21,72,NA,107.488327,190.7659149,213.7439117,260.4760437,0.3447873,20.75221252,1.866952062,1279.467896,0.006584381,218.6328062,216,311.1085815,5.523965359,7,-0.011633282,-1.25E-05,0.039222658,0.068456464,11,2,0,16.66915894,27.19363976,0.25389123,27.93108559,0.167615667,4.294151306,0.153740942,7.091457844,1.090247393,0.107080743,0.166815042,0.830047846,299.5,1070,1768
83,793769.5904,6762133.903,3,OD03,17/05/2020,2020,75,60,90,8,7.9,2.53,NA,170,18,0.6,NA,NA,45,0.43,9.6,7.2,4.7,62.7,12,NA,NA,NA,NA,NA,2500,NA,6,28,66,NA,107.488327,190.7659149,213.7439117,260.4760437,0.3447873,20.75221252,1.866952062,1279.467896,0.006584381,218.6328062,216,311.1085815,5.523965359,7,-0.011633282,-1.25E-05,0.039222658,0.068456464,11,2,0,16.66915894,27.19363976,0.25389123,27.93108559,0.167615667,4.294151306,0.153740942,7.091457844,1.090247393,0.107080743,0.166815042,0.830047846,299.5,1070,1768
84,797098.0686,6762009.06,4,OD03,17/05/2020,2020,7.5,0,15,7.5,6.5,0.09,0.6,10,16,0.9,18,55,22,1,7.7,0.99,2.9,32,3.1,0.76,12,20,0.24,0.8,7,16,11,36,52,0.7,119.2653961,205.8301544,220.6302338,276.3295288,0.373640925,15.71296883,1.433619857,1155.160645,-0.017332643,224.2841891,225,277.4437866,5.503255367,7,2.53E-05,3.19E-05,0.162177458,0.283053815,11,2,0,13.01979065,29.86765671,0.282915205,27.03025436,0.20441635,4.419312477,0.163495049,7.647269726,1.250290751,0.107360549,0.161754638,0.829251587,314.5,1111.4,1897
85,797098.0686,6762009.06,4,OD03,17/05/2020,2020,22.5,15,30,8.8,7.6,0.16,1,10,13,0.8,5,84,26,0.54,8.4,2.3,3.1,37.4,6.2,0.57,7.8,5.6,0.41,1.1,9,7,6,18,76,0.54,119.2653961,205.8301544,220.6302338,276.3295288,0.373640925,15.71296883,1.433619857,1155.160645,-0.017332643,224.2841891,225,277.4437866,5.503255367,7,2.53E-05,3.19E-05,0.162177458,0.283053815,11,2,0,13.01979065,29.86765671,0.282915205,27.03025436,0.20441635,4.419312477,0.163495049,7.647269726,1.250290751,0.107360549,0.161754638,0.829251587,314.5,1111.4,1897
86,797098.0686,6762009.06,4,OD03,17/05/2020,2020,45,30,60,8.9,7.8,0.17,NA,26,15,0.7,NA,NA,23,0.49,8.6,3.8,2.7,35.5,11,NA,NA,NA,NA,NA,8,NA,5,22,73,NA,119.2653961,205.8301544,220.6302338,276.3295288,0.373640925,15.71296883,1.433619857,1155.160645,-0.017332643,224.2841891,225,277.4437866,5.503255367,7,2.53E-05,3.19E-05,0.162177458,0.283053815,11,2,0,13.01979065,29.86765671,0.282915205,27.03025436,0.20441635,4.419312477,0.163495049,7.647269726,1.250290751,0.107360549,0.161754638,0.829251587,314.5,1111.4,1897
87,797098.0686,6762009.06,4,OD03,17/05/2020,2020,75,60,90,9.1,8.4,0.27,NA,250,13,0.6,NA,NA,26,0.67,9.8,6.7,2.7,43.5,15,NA,NA,NA,NA,NA,96,NA,6,18,76,NA,119.2653961,205.8301544,220.6302338,276.3295288,0.373640925,15.71296883,1.433619857,1155.160645,-0.017332643,224.2841891,225,277.4437866,5.503255367,7,2.53E-05,3.19E-05,0.162177458,0.283053815,11,2,0,13.01979065,29.86765671,0.282915205,27.03025436,0.20441635,4.419312477,0.163495049,7.647269726,1.250290751,0.107360549,0.161754638,0.829251587,314.5,1111.4,1897
88,800325.4657,6761893.612,5,OD03,17/05/2020,2020,7.5,0,15,7.7,6.5,0.09,0.6,10,11,0.9,13,62,22,0.72,8,1.4,2.8,32,4.3,0.83,14,16,0.27,0.9,7,13,9,29,62,0.74,119.4416199,214.1450043,232.6469574,295.8818054,0.208771721,15.61693573,1.158915281,1087.184814,-0.016110917,230.4312698,230,278.8458862,5.521837234,7,0.011726918,-1.49E-06,0.062875897,0.109739184,11,2,0,14.68399048,27.3912735,0.202033728,37.03839493,0.153717011,5.308540344,0.143325329,7.483005047,1.072504163,0.111857638,0.162294418,0.846553087,282,1062,1780
89,800325.4657,6761893.612,5,OD03,17/05/2020,2020,22.5,15,30,8.6,7.4,0.14,0.9,10,8,0.7,5,69,20,0.29,7.4,2,2.7,29.4,6.7,0.65,9.6,6.5,0.08,1.1,12,5,8,19,73,0.61,119.4416199,214.1450043,232.6469574,295.8818054,0.208771721,15.61693573,1.158915281,1087.184814,-0.016110917,230.4312698,230,278.8458862,5.521837234,7,0.011726918,-1.49E-06,0.062875897,0.109739184,11,2,0,14.68399048,27.3912735,0.202033728,37.03839493,0.153717011,5.308540344,0.143325329,7.483005047,1.072504163,0.111857638,0.162294418,0.846553087,282,1062,1780
90,800325.4657,6761893.612,5,OD03,17/05/2020,2020,45,30,60,8.9,7.7,0.16,NA,12,14,0.6,NA,NA,21,0.31,8.5,3.4,2.5,33,10,NA,NA,NA,NA,NA,8,NA,9,28,64,NA,119.4416199,214.1450043,232.6469574,295.8818054,0.208771721,15.61693573,1.158915281,1087.184814,-0.016110917,230.4312698,230,278.8458862,5.521837234,7,0.011726918,-1.49E-06,0.062875897,0.109739184,11,2,0,14.68399048,27.3912735,0.202033728,37.03839493,0.153717011,5.308540344,0.143325329,7.483005047,1.072504163,0.111857638,0.162294418,0.846553087,282,1062,1780
91,800325.4657,6761893.612,5,OD03,17/05/2020,2020,75,60,90,8.3,8,1.67,NA,200,14,0.6,NA,NA,31,0.37,9.1,6.1,3.4,46.9,13,NA,NA,NA,NA,NA,1300,NA,5,17,78,NA,119.4416199,214.1450043,232.6469574,295.8818054,0.208771721,15.61693573,1.158915281,1087.184814,-0.016110917,230.4312698,230,278.8458862,5.521837234,7,0.011726918,-1.49E-06,0.062875897,0.109739184,11,2,0,14.68399048,27.3912735,0.202033728,37.03839493,0.153717011,5.308540344,0.143325329,7.483005047,1.072504163,0.111857638,0.162294418,0.846553087,282,1062,1780
92,797719.5036,6761738.566,6,OD03,17/05/2020,2020,7.5,0,15,7.3,6.3,0.14,0.9,10,23,1.2,21,70,22,0.75,8.3,1.3,2.7,32.1,4.1,0.82,12,18,0.41,0.8,23,20,10,46,44,0.67,120.3601685,210.0532074,223.7480011,278.2906799,0.2611624,17.06870079,3.037632704,1250.396606,-0.076744234,225.3767947,226,273.3722534,5.507400513,7,0.009179845,7.91E-06,0.039044596,0.068145685,11,2,0,11.35685635,24.81615067,0.216511592,28.80587387,0.205840439,5.233175755,0.181670442,6.236805439,1.13304317,0.111581318,0.157898143,0.853752851,314,1113.666667,1784.5
93,797719.5036,6761738.566,6,OD03,17/05/2020,2020,22.5,15,30,8.3,7.3,0.17,1.1,14,16,0.8,6,76,23,0.48,8.3,2.4,2.8,33.9,7,0.63,10,7.6,0.19,0.9,53,9,7,24,69,0.55,120.3601685,210.0532074,223.7480011,278.2906799,0.2611624,17.06870079,3.037632704,1250.396606,-0.076744234,225.3767947,226,273.3722534,5.507400513,7,0.009179845,7.91E-06,0.039044596,0.068145685,11,2,0,11.35685635,24.81615067,0.216511592,28.80587387,0.205840439,5.233175755,0.181670442,6.236805439,1.13304317,0.111581318,0.157898143,0.853752851,314,1113.666667,1784.5
94,797719.5036,6761738.566,6,OD03,17/05/2020,2020,45,30,60,8.9,7.9,0.28,NA,82,13,0.7,NA,NA,23,0.42,9.1,4,2.5,36.9,11,NA,NA,NA,NA,NA,21,NA,6,23,71,NA,120.3601685,210.0532074,223.7480011,278.2906799,0.2611624,17.06870079,3.037632704,1250.396606,-0.076744234,225.3767947,226,273.3722534,5.507400513,7,0.009179845,7.91E-06,0.039044596,0.068145685,11,2,0,11.35685635,24.81615067,0.216511592,28.80587387,0.205840439,5.233175755,0.181670442,6.236805439,1.13304317,0.111581318,0.157898143,0.853752851,314,1113.666667,1784.5
95,797719.5036,6761738.566,6,OD03,17/05/2020,2020,75,60,90,8.1,7.9,2.21,NA,350,5.9,0.7,NA,NA,39,0.61,9.4,7.2,4.1,56.6,13,NA,NA,NA,NA,NA,1900,NA,6,17,77,NA,120.3601685,210.0532074,223.7480011,278.2906799,0.2611624,17.06870079,3.037632704,1250.396606,-0.076744234,225.3767947,226,273.3722534,5.507400513,7,0.009179845,7.91E-06,0.039044596,0.068145685,11,2,0,11.35685635,24.81615067,0.216511592,28.80587387,0.205840439,5.233175755,0.181670442,6.236805439,1.13304317,0.111581318,0.157898143,0.853752851,314,1113.666667,1784.5
96,795723.0637,6761628.765,7,OD03,17/05/2020,2020,7.5,0,15,7.4,6.6,0.21,1.3,18,13,1.6,9,56,22,0.9,7.4,1.3,3,31.2,4.2,0.72,11,18,0.34,0.9,64,10,10,32,59,0.94,120.4760818,212.3534393,226.7813416,286.7565918,0.248610899,20.28719521,3.139966488,1299.423218,0.007875238,222.2004928,220,285.3806152,5.508275032,7,0.002136649,-1.47E-05,0.072374851,0.126318008,11,2,0,13.72787189,27.95078087,0.241870224,32.01609039,0.12018244,3.988535166,0.124579087,7.743738651,0.964707911,0.107524633,0.16018264,0.809723914,341.3333333,1109.2,1845.5
97,795723.0637,6761628.765,7,OD03,17/05/2020,2020,22.5,15,30,8.6,7.7,0.29,1.8,11,8.4,1.1,5,67,26,0.52,8.2,2.4,3.2,37,6.6,0.54,9.3,6.3,0.12,1.1,110,6,7,16,76,0.61,120.4760818,212.3534393,226.7813416,286.7565918,0.248610899,20.28719521,3.139966488,1299.423218,0.007875238,222.2004928,220,285.3806152,5.508275032,7,0.002136649,-1.47E-05,0.072374851,0.126318008,11,2,0,13.72787189,27.95078087,0.241870224,32.01609039,0.12018244,3.988535166,0.124579087,7.743738651,0.964707911,0.107524633,0.16018264,0.809723914,341.3333333,1109.2,1845.5
98,795723.0637,6761628.765,7,OD03,17/05/2020,2020,45,30,60,9.1,8,0.22,NA,10,17,0.9,NA,NA,24,0.38,8.5,3.5,2.8,36.1,9.8,NA,NA,NA,NA,NA,16,NA,6,18,76,NA,120.4760818,212.3534393,226.7813416,286.7565918,0.248610899,20.28719521,3.139966488,1299.423218,0.007875238,222.2004928,220,285.3806152,5.508275032,7,0.002136649,-1.47E-05,0.072374851,0.126318008,11,2,0,13.72787189,27.95078087,0.241870224,32.01609039,0.12018244,3.988535166,0.124579087,7.743738651,0.964707911,0.107524633,0.16018264,0.809723914,341.3333333,1109.2,1845.5
99,795723.0637,6761628.765,7,OD03,17/05/2020,2020,75,60,90,9.1,8.3,0.52,NA,140,17,0.8,NA,NA,24,0.59,9.7,6.3,2.5,40.7,16,NA,NA,NA,NA,NA,83,NA,6,15,79,NA,120.4760818,212.3534393,226.7813416,286.7565918,0.248610899,20.28719521,3.139966488,1299.423218,0.007875238,222.2004928,220,285.3806152,5.508275032,7,0.002136649,-1.47E-05,0.072374851,0.126318008,11,2,0,13.72787189,27.95078087,0.241870224,32.01609039,0.12018244,3.988535166,0.124579087,7.743738651,0.964707911,0.107524633,0.16018264,0.809723914,341.3333333,1109.2,1845.5
100,798260.0777,6761477.858,8,OD03,17/05/2020,2020,7.5,0,15,7.7,6.8,0.12,0.7,10,20,2,22,46,22,0.83,7.2,0.89,3.1,30.9,2.9,0.76,11,11,0.45,0.8,5,25,11,42,47,0.82,121.2561264,215.3893585,229.5115509,291.7431641,0.261087358,16.80582619,1.035611391,1120.530762,0.021423875,226.3988435,226,196.789093,5.518187046,7,0.017574349,8.67E-06,0.079536267,0.138817057,11,2,0,10.84427452,25.28908539,0.18276003,36.51169205,0.182162315,6.032601357,0.165223822,6.672878265,1.102518439,0.111438192,0.165952131,0.85723573,277,1047.5,1743
101,798260.0777,6761477.858,8,OD03,17/05/2020,2020,22.5,15,30,8.4,7.2,0.1,0.6,10,10,1.5,8,44,21,0.52,7,1.8,3,30.2,5.9,0.7,9.5,7.2,0.23,0.8,9,12,9,24,68,0.68,121.2561264,215.3893585,229.5115509,291.7431641,0.261087358,16.80582619,1.035611391,1120.530762,0.021423875,226.3988435,226,196.789093,5.518187046,7,0.017574349,8.67E-06,0.079536267,0.138817057,11,2,0,10.84427452,25.28908539,0.18276003,36.51169205,0.182162315,6.032601357,0.165223822,6.672878265,1.102518439,0.111438192,0.165952131,0.85723573,277,1047.5,1743
102,798260.0777,6761477.858,8,OD03,17/05/2020,2020,45,30,60,9,7.9,0.18,NA,10,12,1.3,NA,NA,22,0.35,8,3.5,2.8,33.8,10,NA,NA,NA,NA,NA,6,NA,8,23,69,NA,121.2561264,215.3893585,229.5115509,291.7431641,0.261087358,16.80582619,1.035611391,1120.530762,0.021423875,226.3988435,226,196.789093,5.518187046,7,0.017574349,8.67E-06,0.079536267,0.138817057,11,2,0,10.84427452,25.28908539,0.18276003,36.51169205,0.182162315,6.032601357,0.165223822,6.672878265,1.102518439,0.111438192,0.165952131,0.85723573,277,1047.5,1743
103,798260.0777,6761477.858,8,OD03,17/05/2020,2020,75,60,90,9.1,8.6,0.46,NA,140,15,1.2,NA,NA,22,0.43,9.2,6.3,2.4,38.3,16,NA,NA,NA,NA,NA,68,NA,6,25,69,NA,121.2561264,215.3893585,229.5115509,291.7431641,0.261087358,16.80582619,1.035611391,1120.530762,0.021423875,226.3988435,226,196.789093,5.518187046,7,0.017574349,8.67E-06,0.079536267,0.138817057,11,2,0,10.84427452,25.28908539,0.18276003,36.51169205,0.182162315,6.032601357,0.165223822,6.672878265,1.102518439,0.111438192,0.165952131,0.85723573,277,1047.5,1743
104,796168.7257,6761355.213,9,OD03,17/05/2020,2020,7.5,0,15,8.2,7.3,0.22,1.4,40,19,1.2,18,55,23,1.1,6.7,2.1,3.4,33,6.2,0.76,7.8,8.7,0.28,1.4,85,45,10,42,48,0.66,134.6328735,244.306076,242.6407776,323.9685669,0.359495968,22.32052994,2.48272562,1315.983154,0.00049548,223.0212243,222,273.6622009,5.504818439,7,-0.001825145,1.04E-05,0.091890149,0.160378709,11,2,0,15.41953659,28.31343079,0.232520804,31.6862011,0.200501144,5.22712183,0.164965227,7.367701054,1.215414524,0.106903486,0.161826074,0.82957083,314.75,1096.153846,1837
105,796168.7257,6761355.213,9,OD03,17/05/2020,2020,22.5,15,30,8.3,7.8,0.69,4.3,55,25,1.2,6,65,24,0.95,7.2,2.8,3.3,35.1,7.9,0.65,7.4,4.8,0.13,1.7,320,19,7,30,64,0.63,134.6328735,244.306076,242.6407776,323.9685669,0.359495968,22.32052994,2.48272562,1315.983154,0.00049548,223.0212243,222,273.6622009,5.504818439,7,-0.001825145,1.04E-05,0.091890149,0.160378709,11,2,0,15.41953659,28.31343079,0.232520804,31.6862011,0.200501144,5.22712183,0.164965227,7.367701054,1.215414524,0.106903486,0.161826074,0.82957083,314.75,1096.153846,1837
106,796168.7257,6761355.213,9,OD03,17/05/2020,2020,45,30,60,8.6,8.1,0.89,NA,250,28,1.1,NA,NA,26,0.62,8.5,5.1,3.1,40.1,13,NA,NA,NA,NA,NA,320,NA,5,25,71,NA,134.6328735,244.306076,242.6407776,323.9685669,0.359495968,22.32052994,2.48272562,1315.983154,0.00049548,223.0212243,222,273.6622009,5.504818439,7,-0.001825145,1.04E-05,0.091890149,0.160378709,11,2,0,15.41953659,28.31343079,0.232520804,31.6862011,0.200501144,5.22712183,0.164965227,7.367701054,1.215414524,0.106903486,0.161826074,0.82957083,314.75,1096.153846,1837
107,796168.7257,6761355.213,9,OD03,17/05/2020,2020,75,60,90,8,7.9,3.5,NA,690,20,1,NA,NA,90,0.59,9.7,9.5,9.3,109,8.7,NA,NA,NA,NA,NA,2900,NA,5,26,69,NA,134.6328735,244.306076,242.6407776,323.9685669,0.359495968,22.32052994,2.48272562,1315.983154,0.00049548,223.0212243,222,273.6622009,5.504818439,7,-0.001825145,1.04E-05,0.091890149,0.160378709,11,2,0,15.41953659,28.31343079,0.232520804,31.6862011,0.200501144,5.22712183,0.164965227,7.367701054,1.215414524,0.106903486,0.161826074,0.82957083,314.75,1096.153846,1837
108,800564.4269,6761216.941,10,OD03,17/05/2020,2020,7.5,0,15,7.8,6.9,0.13,0.8,10,18,1.5,8,52,22,0.63,7.5,1.3,2.9,31.6,4.2,0.76,11,15,0.27,0.8,26,9,11,41,48,0.78,117.2118454,204.415802,222.1845093,273.292511,0.167589054,16.02897263,2.240267277,1176.185303,-0.041438272,231.0341563,232,300.0004272,5.516765594,7,-0.002326186,9.32E-06,0.184499741,0.322013915,11,2,0,10.88488579,23.75251961,0.085438497,62.33543777,0.250302911,12.49109364,0.200385109,6.233543873,1.249109387,0.111820742,0.166240886,0.851851881,282.3333333,1014.125,1765
109,800564.4269,6761216.941,10,OD03,17/05/2020,2020,22.5,15,30,8.7,7.9,0.39,2.4,10,5.6,1,5,65,24,0.27,7.8,2.7,3.1,34.5,7.8,0.59,9.2,4.9,0.08,1.3,10,5,7,21,72,0.72,117.2118454,204.415802,222.1845093,273.292511,0.167589054,16.02897263,2.240267277,1176.185303,-0.041438272,231.0341563,232,300.0004272,5.516765594,7,-0.002326186,9.32E-06,0.184499741,0.322013915,11,2,0,10.88488579,23.75251961,0.085438497,62.33543777,0.250302911,12.49109364,0.200385109,6.233543873,1.249109387,0.111820742,0.166240886,0.851851881,282.3333333,1014.125,1765
110,800564.4269,6761216.941,10,OD03,17/05/2020,2020,45,30,60,9.2,8.1,0.2,NA,10,4.5,1.1,NA,NA,22,0.23,8.1,3.8,2.7,34.4,11,NA,NA,NA,NA,NA,6,NA,6,22,72,NA,117.2118454,204.415802,222.1845093,273.292511,0.167589054,16.02897263,2.240267277,1176.185303,-0.041438272,231.0341563,232,300.0004272,5.516765594,7,-0.002326186,9.32E-06,0.184499741,0.322013915,11,2,0,10.88488579,23.75251961,0.085438497,62.33543777,0.250302911,12.49109364,0.200385109,6.233543873,1.249109387,0.111820742,0.166240886,0.851851881,282.3333333,1014.125,1765
111,800564.4269,6761216.941,10,OD03,17/05/2020,2020,75,60,90,9.2,8.2,0.45,NA,160,7.1,1.2,NA,NA,22,0.31,9.2,6.4,2.4,38,17,NA,NA,NA,NA,NA,56,NA,6,14,80,NA,117.2118454,204.415802,222.1845093,273.292511,0.167589054,16.02897263,2.240267277,1176.185303,-0.041438272,231.0341563,232,300.0004272,5.516765594,7,-0.002326186,9.32E-06,0.184499741,0.322013915,11,2,0,10.88488579,23.75251961,0.085438497,62.33543777,0.250302911,12.49109364,0.200385109,6.233543873,1.249109387,0.111820742,0.166240886,0.851851881,282.3333333,1014.125,1765
112,797417.2458,6761291.858,11,OD03,17/05/2020,2020,7.5,0,15,7.9,6.8,0.12,0.7,10,12,1.4,24,68,26,0.7,8.8,1.7,3,36.9,4.6,0.8,12,12,0.85,0.9,16,32,14,44,42,0.76,112.5899429,212.2582245,225.7398834,304.9665527,0.213908806,15.38189983,2.944440126,1212.734253,0.019269771,225.0098603,225,253.8451385,5.508285046,7,0.009015521,-2.50E-05,0.07913205,0.138111562,11,2,0,11.89096546,28.65202713,0.224718064,32.32019424,0.24689731,5.959038258,0.184375077,7.262931824,1.33910358,0.112205945,0.167890891,0.73289156,468,1092,1686
113,797417.2458,6761291.858,11,OD03,17/05/2020,2020,22.5,15,30,8.8,7.8,0.27,1.7,15,9.5,1,7,68,24,0.36,7.9,2.6,3,34.6,7.4,0.57,8.4,4.6,0.16,1.1,83,10,6,17,77,0.59,112.5899429,212.2582245,225.7398834,304.9665527,0.213908806,15.38189983,2.944440126,1212.734253,0.019269771,225.0098603,225,253.8451385,5.508285046,7,0.009015521,-2.50E-05,0.07913205,0.138111562,11,2,0,11.89096546,28.65202713,0.224718064,32.32019424,0.24689731,5.959038258,0.184375077,7.262931824,1.33910358,0.112205945,0.167890891,0.73289156,468,1092,1686
114,797417.2458,6761291.858,11,OD03,17/05/2020,2020,45,30,60,9,8,0.25,NA,35,9.8,1.2,NA,NA,24,0.4,9.2,4.2,2.6,38.2,11,NA,NA,NA,NA,NA,41,NA,9,25,66,NA,112.5899429,212.2582245,225.7398834,304.9665527,0.213908806,15.38189983,2.944440126,1212.734253,0.019269771,225.0098603,225,253.8451385,5.508285046,7,0.009015521,-2.50E-05,0.07913205,0.138111562,11,2,0,11.89096546,28.65202713,0.224718064,32.32019424,0.24689731,5.959038258,0.184375077,7.262931824,1.33910358,0.112205945,0.167890891,0.73289156,468,1092,1686
115,797417.2458,6761291.858,11,OD03,17/05/2020,2020,75,60,90,7.9,7.8,2.82,NA,400,14,1.2,NA,NA,49,0.53,9.5,7.6,5.2,66.5,11,NA,NA,NA,NA,NA,2500,NA,6,22,72,NA,112.5899429,212.2582245,225.7398834,304.9665527,0.213908806,15.38189983,2.944440126,1212.734253,0.019269771,225.0098603,225,253.8451385,5.508285046,7,0.009015521,-2.50E-05,0.07913205,0.138111562,11,2,0,11.89096546,28.65202713,0.224718064,32.32019424,0.24689731,5.959038258,0.184375077,7.262931824,1.33910358,0.112205945,0.167890891,0.73289156,468,1092,1686
116,799542.2623,6761151.408,12,OD03,17/05/2020,2020,7.5,0,15,8.4,7.4,0.12,0.7,10,12,1.2,12,45,26,0.68,7.2,1.2,3.6,35.1,3.5,0.62,6.9,5.3,0.24,0.6,8,16,9,42,50,0.7,121.1395264,209.4037933,223.7224731,281.0273132,0.256269127,16.55540848,0.8429268,1099.682983,0.068182135,229.1394229,229,139.2700195,5.518492699,7,0.02922317,-1.34E-05,0.064245343,0.112129331,11,2,0,11.09816742,26.16926765,0.276264727,24.33192444,0.154933512,3.694011211,0.151817471,6.722052574,1.020524979,0.111622229,0.161769599,0.832435668,292.3333333,1096.1,1795.5
117,799542.2623,6761151.408,12,OD03,17/05/2020,2020,22.5,15,30,8.7,7.5,0.1,0.6,10,6.4,1.2,10,50,24,0.43,7,1.9,3.4,32.9,5.7,0.61,8.4,5,0.13,0.6,7,12,7,27,66,0.63,121.1395264,209.4037933,223.7224731,281.0273132,0.256269127,16.55540848,0.8429268,1099.682983,0.068182135,229.1394229,229,139.2700195,5.518492699,7,0.02922317,-1.34E-05,0.064245343,0.112129331,11,2,0,11.09816742,26.16926765,0.276264727,24.33192444,0.154933512,3.694011211,0.151817471,6.722052574,1.020524979,0.111622229,0.161769599,0.832435668,292.3333333,1096.1,1795.5
118,799542.2623,6761151.408,12,OD03,17/05/2020,2020,45,30,60,8.7,7.5,0.12,NA,10,8.5,1.1,NA,NA,23,0.39,8.1,3.1,2.8,34.7,8.9,NA,NA,NA,NA,NA,13,NA,8,25,68,NA,121.1395264,209.4037933,223.7224731,281.0273132,0.256269127,16.55540848,0.8429268,1099.682983,0.068182135,229.1394229,229,139.2700195,5.518492699,7,0.02922317,-1.34E-05,0.064245343,0.112129331,11,2,0,11.09816742,26.16926765,0.276264727,24.33192444,0.154933512,3.694011211,0.151817471,6.722052574,1.020524979,0.111622229,0.161769599,0.832435668,292.3333333,1096.1,1795.5
119,799542.2623,6761151.408,12,OD03,17/05/2020,2020,75,60,90,8.9,7.8,0.3,NA,120,18,1.4,NA,NA,23,0.42,10,5.9,2.3,39.8,15,NA,NA,NA,NA,NA,50,NA,13,36,52,NA,121.1395264,209.4037933,223.7224731,281.0273132,0.256269127,16.55540848,0.8429268,1099.682983,0.068182135,229.1394229,229,139.2700195,5.518492699,7,0.02922317,-1.34E-05,0.064245343,0.112129331,11,2,0,11.09816742,26.16926765,0.276264727,24.33192444,0.154933512,3.694011211,0.151817471,6.722052574,1.020524979,0.111622229,0.161769599,0.832435668,292.3333333,1096.1,1795.5
120,796024.783,6763878.503,1,OD04,17/05/2020,2020,7.5,0,15,7.1,6.2,0.16,1,10,23,2,12,53,22,0.93,7.6,1.5,2.9,31.9,4.7,0.92,12,29,0.2,0.8,26,15,9,46,46,0.78,133.1026154,239.8683929,253.6771851,320.4798889,0.286948502,19.0629425,2.603099108,1245.644287,-0.031391133,221.8673756,220,204.6963806,5.521250248,7,-0.014727945,-8.93E-05,0.239106864,0.417322606,11,2,0,10.56399727,27.56581688,0.162556782,45.77014923,0.197766468,7.462166786,0.163035676,7.440248013,1.213025808,0.103756085,0.162212342,0.845099688,315.3333333,1078,1870
121,796024.783,6763878.503,1,OD04,17/05/2020,2020,22.5,15,30,7.9,7.1,0.32,2,10,18,1.9,5,63,24,0.51,7.7,2.4,3.1,34.6,6.9,0.74,12,9.8,0.1,1,93,5,9,31,61,0.57,133.1026154,239.8683929,253.6771851,320.4798889,0.286948502,19.0629425,2.603099108,1245.644287,-0.031391133,221.8673756,220,204.6963806,5.521250248,7,-0.014727945,-8.93E-05,0.239106864,0.417322606,11,2,0,10.56399727,27.56581688,0.162556782,45.77014923,0.197766468,7.462166786,0.163035676,7.440248013,1.213025808,0.103756085,0.162212342,0.845099688,315.3333333,1078,1870
122,796024.783,6763878.503,1,OD04,17/05/2020,2020,45,30,60,8.8,7.8,0.29,NA,35,24,1.7,NA,NA,24,0.45,8.5,4.3,2.8,37.2,12,NA,NA,NA,NA,NA,46,NA,9,27,65,NA,133.1026154,239.8683929,253.6771851,320.4798889,0.286948502,19.0629425,2.603099108,1245.644287,-0.031391133,221.8673756,220,204.6963806,5.521250248,7,-0.014727945,-8.93E-05,0.239106864,0.417322606,11,2,0,10.56399727,27.56581688,0.162556782,45.77014923,0.197766468,7.462166786,0.163035676,7.440248013,1.213025808,0.103756085,0.162212342,0.845099688,315.3333333,1078,1870
123,796024.783,6763878.503,1,OD04,17/05/2020,2020,75,60,90,7.9,7.7,2.49,NA,300,10,1.4,NA,NA,45,0.5,8.8,8.2,5.1,62.8,13,NA,NA,NA,NA,NA,2400,NA,8,31,61,NA,133.1026154,239.8683929,253.6771851,320.4798889,0.286948502,19.0629425,2.603099108,1245.644287,-0.031391133,221.8673756,220,204.6963806,5.521250248,7,-0.014727945,-8.93E-05,0.239106864,0.417322606,11,2,0,10.56399727,27.56581688,0.162556782,45.77014923,0.197766468,7.462166786,0.163035676,7.440248013,1.213025808,0.103756085,0.162212342,0.845099688,315.3333333,1078,1870
124,796411.5461,6763675.827,2,OD04,17/05/2020,2020,7.5,0,15,8.1,7.4,0.23,1.4,18,20,1.8,11,53,23,0.59,6.4,1.6,3.6,31.9,4.9,0.65,7.2,6.1,0.77,0.9,34,24,11,35,54,0.83,118.3799667,212.1353149,227.6124725,293.4565125,0.346096575,16.12634277,1.896077156,1144.82312,-0.074596454,222.4629597,222,287.0686035,5.511125565,7,-0.005797886,2.93E-05,0.208757684,0.364352494,11,2,0,11.24837303,28.36651421,0.213982597,32.71949005,0.29144454,6.675625801,0.204025969,7.001401424,1.428467751,0.1069047,0.16527015,0.851386726,294,1077.4,1954
125,796411.5461,6763675.827,2,OD04,17/05/2020,2020,22.5,15,30,8.8,8,0.27,1.7,10,3.8,1.5,5,76,26,0.31,7.7,2.3,3.4,36.8,6.3,0.7,13,4.1,0.1,1.1,33,5,5,22,73,0.64,118.3799667,212.1353149,227.6124725,293.4565125,0.346096575,16.12634277,1.896077156,1144.82312,-0.074596454,222.4629597,222,287.0686035,5.511125565,7,-0.005797886,2.93E-05,0.208757684,0.364352494,11,2,0,11.24837303,28.36651421,0.213982597,32.71949005,0.29144454,6.675625801,0.204025969,7.001401424,1.428467751,0.1069047,0.16527015,0.851386726,294,1077.4,1954
126,796411.5461,6763675.827,2,OD04,17/05/2020,2020,45,30,60,9.2,8.1,0.23,NA,26,5,1.3,NA,NA,23,0.26,7.9,3.5,2.9,34.5,10,NA,NA,NA,NA,NA,18,NA,6,21,73,NA,118.3799667,212.1353149,227.6124725,293.4565125,0.346096575,16.12634277,1.896077156,1144.82312,-0.074596454,222.4629597,222,287.0686035,5.511125565,7,-0.005797886,2.93E-05,0.208757684,0.364352494,11,2,0,11.24837303,28.36651421,0.213982597,32.71949005,0.29144454,6.675625801,0.204025969,7.001401424,1.428467751,0.1069047,0.16527015,0.851386726,294,1077.4,1954
127,796411.5461,6763675.827,2,OD04,17/05/2020,2020,75,60,90,8.5,8.1,1.24,NA,160,6.4,1.2,NA,NA,31,0.32,8.1,5.8,3.8,45.1,13,NA,NA,NA,NA,NA,960,NA,6,22,72,NA,118.3799667,212.1353149,227.6124725,293.4565125,0.346096575,16.12634277,1.896077156,1144.82312,-0.074596454,222.4629597,222,287.0686035,5.511125565,7,-0.005797886,2.93E-05,0.208757684,0.364352494,11,2,0,11.24837303,28.36651421,0.213982597,32.71949005,0.29144454,6.675625801,0.204025969,7.001401424,1.428467751,0.1069047,0.16527015,0.851386726,294,1077.4,1954
128,795512.7938,6763683.752,3,OD04,17/05/2020,2020,7.5,0,15,7.6,7,0.19,1.2,10,14,1.7,11,50,22,0.63,6.2,1.1,3.5,29.7,3.8,0.83,10,14,0.15,0.8,35,15,6,38,55,0.73,111.5721664,200.1656189,219.2906494,277.7469177,0.262675434,18.4834671,3.087603569,1280.959106,0.071067124,221.2418146,222,268.3846436,5.516012669,7,-0.003843199,2.01E-05,0.066888891,0.116743192,11,2,0,13.0040741,25.48262405,0.174439713,36.58217621,0.258313507,7.360132694,0.201194495,6.381384373,1.283899426,0.107870594,0.161670223,0.854212344,327.5,1145.25,1970
129,795512.7938,6763683.752,3,OD04,17/05/2020,2020,22.5,15,30,9,8.1,0.21,1.3,10,8.2,1.5,5,68,25,0.31,6.4,1.9,3.9,33.5,5.7,0.69,9,3.5,0.06,1,32,7,8,26,67,0.75,111.5721664,200.1656189,219.2906494,277.7469177,0.262675434,18.4834671,3.087603569,1280.959106,0.071067124,221.2418146,222,268.3846436,5.516012669,7,-0.003843199,2.01E-05,0.066888891,0.116743192,11,2,0,13.0040741,25.48262405,0.174439713,36.58217621,0.258313507,7.360132694,0.201194495,6.381384373,1.283899426,0.107870594,0.161670223,0.854212344,327.5,1145.25,1970
130,795512.7938,6763683.752,3,OD04,17/05/2020,2020,45,30,60,9.4,8.3,0.3,NA,17,16,1.2,NA,NA,25,0.32,7.8,3.8,3.2,37.3,10,NA,NA,NA,NA,NA,13,NA,6,18,76,NA,111.5721664,200.1656189,219.2906494,277.7469177,0.262675434,18.4834671,3.087603569,1280.959106,0.071067124,221.2418146,222,268.3846436,5.516012669,7,-0.003843199,2.01E-05,0.066888891,0.116743192,11,2,0,13.0040741,25.48262405,0.174439713,36.58217621,0.258313507,7.360132694,0.201194495,6.381384373,1.283899426,0.107870594,0.161670223,0.854212344,327.5,1145.25,1970
131,795512.7938,6763683.752,3,OD04,17/05/2020,2020,75,60,90,8.1,7.9,2.69,NA,180,10,1.4,NA,NA,51,0.32,8.5,8.1,6,67.6,12,NA,NA,NA,NA,NA,2700,NA,6,28,65,NA,111.5721664,200.1656189,219.2906494,277.7469177,0.262675434,18.4834671,3.087603569,1280.959106,0.071067124,221.2418146,222,268.3846436,5.516012669,7,-0.003843199,2.01E-05,0.066888891,0.116743192,11,2,0,13.0040741,25.48262405,0.174439713,36.58217621,0.258313507,7.360132694,0.201194495,6.381384373,1.283899426,0.107870594,0.161670223,0.854212344,327.5,1145.25,1970
132,794302.9621,6763684.233,4,OD04,17/05/2020,2020,7.5,0,15,7.9,7,0.12,0.7,10,12,0.8,10,46,22,0.83,6.7,1,3.3,30.6,3.4,0.6,7.5,9.1,0.24,0.7,6,13,10,39,51,0.79,111.6331558,193.5644226,212.4565887,263.8976746,0.292367846,18.80094147,1.575693607,1188.657715,-0.003610613,219.2560206,221,86.84426117,5.525848389,7,-0.006641215,7.83E-05,0.314187825,0.548366666,11,3,0,9.465722084,27.22498131,0.208149791,35.38851929,0.158486977,5.190867901,0.146682262,7.366112709,1.080478072,0.103575185,0.154212385,0.856118143,310.3333333,1144.666667,1815
133,794302.9621,6763684.233,4,OD04,17/05/2020,2020,22.5,15,30,8.4,7,0.08,0.5,10,3.6,1.2,5,61,23,0.38,7.2,1.8,3.2,32.3,5.7,0.72,12,7.3,0.12,0.7,9,5,9,30,61,0.67,111.6331558,193.5644226,212.4565887,263.8976746,0.292367846,18.80094147,1.575693607,1188.657715,-0.003610613,219.2560206,221,86.84426117,5.525848389,7,-0.006641215,7.83E-05,0.314187825,0.548366666,11,3,0,9.465722084,27.22498131,0.208149791,35.38851929,0.158486977,5.190867901,0.146682262,7.366112709,1.080478072,0.103575185,0.154212385,0.856118143,310.3333333,1144.666667,1815
134,794302.9621,6763684.233,4,OD04,17/05/2020,2020,45,30,60,8.6,7.3,0.1,NA,16,4.7,1.3,NA,NA,22,0.34,7.9,3.1,2.8,33.5,9.3,NA,NA,NA,NA,NA,5,NA,9,24,68,NA,111.6331558,193.5644226,212.4565887,263.8976746,0.292367846,18.80094147,1.575693607,1188.657715,-0.003610613,219.2560206,221,86.84426117,5.525848389,7,-0.006641215,7.83E-05,0.314187825,0.548366666,11,3,0,9.465722084,27.22498131,0.208149791,35.38851929,0.158486977,5.190867901,0.146682262,7.366112709,1.080478072,0.103575185,0.154212385,0.856118143,310.3333333,1144.666667,1815
135,794302.9621,6763684.233,4,OD04,17/05/2020,2020,75,60,90,9.2,8.1,0.25,NA,30,8.8,1.3,NA,NA,22,0.4,9.3,5.4,2.4,36.8,15,NA,NA,NA,NA,NA,19,NA,9,29,63,NA,111.6331558,193.5644226,212.4565887,263.8976746,0.292367846,18.80094147,1.575693607,1188.657715,-0.003610613,219.2560206,221,86.84426117,5.525848389,7,-0.006641215,7.83E-05,0.314187825,0.548366666,11,3,0,9.465722084,27.22498131,0.208149791,35.38851929,0.158486977,5.190867901,0.146682262,7.366112709,1.080478072,0.103575185,0.154212385,0.856118143,310.3333333,1144.666667,1815
136,799836.5671,6763347.385,5,OD04,17/05/2020,2020,7.5,0,15,8,7,0.12,0.7,10,18,0.9,21,59,24,1,7.2,1.3,3.3,33.5,3.7,0.75,6.1,7.9,0.43,0.9,8,39,18,36,46,0.98,110.4477081,192.2790833,208.3844299,265.8019409,0.223978207,19.92379379,2.694498062,1229.726196,0.02982313,229.2270167,228,23.36801147,4.556876183,7,0.009631481,8.39E-05,0.872674942,1.523222923,11,2,0,8.452777863,24.6478138,0.241379514,27.61088181,0.110463373,3.554668427,0.128741562,6.664701462,0.85802412,0.112069368,0.162641123,0.851489544,299.5,1129.2,1924
137,799836.5671,6763347.385,5,OD04,17/05/2020,2020,22.5,15,30,8.9,7.9,0.18,1.1,10,5.8,1.2,6,53,26,0.42,7.9,2,3.3,36.5,5.4,0.67,9.9,4.9,0.17,1,11,11,11,34,54,0.68,110.4477081,192.2790833,208.3844299,265.8019409,0.223978207,19.92379379,2.694498062,1229.726196,0.02982313,229.2270167,228,23.36801147,4.556876183,7,0.009631481,8.39E-05,0.872674942,1.523222923,11,2,0,8.452777863,24.6478138,0.241379514,27.61088181,0.110463373,3.554668427,0.128741562,6.664701462,0.85802412,0.112069368,0.162641123,0.851489544,299.5,1129.2,1924
138,799836.5671,6763347.385,5,OD04,17/05/2020,2020,45,30,60,9.1,8.2,0.26,NA,10,3,1,NA,NA,30,0.33,8.4,3.3,3.6,42,7.8,NA,NA,NA,NA,NA,74,NA,10,25,65,NA,110.4477081,192.2790833,208.3844299,265.8019409,0.223978207,19.92379379,2.694498062,1229.726196,0.02982313,229.2270167,228,23.36801147,4.556876183,7,0.009631481,8.39E-05,0.872674942,1.523222923,11,2,0,8.452777863,24.6478138,0.241379514,27.61088181,0.110463373,3.554668427,0.128741562,6.664701462,0.85802412,0.112069368,0.162641123,0.851489544,299.5,1129.2,1924
139,799836.5671,6763347.385,5,OD04,17/05/2020,2020,75,60,90,7.9,7.7,2.87,NA,42,2.9,1.2,NA,NA,64,0.31,8.5,5.2,7.5,77.6,6.6,NA,NA,NA,NA,NA,2600,NA,7,25,67,NA,110.4477081,192.2790833,208.3844299,265.8019409,0.223978207,19.92379379,2.694498062,1229.726196,0.02982313,229.2270167,228,23.36801147,4.556876183,7,0.009631481,8.39E-05,0.872674942,1.523222923,11,2,0,8.452777863,24.6478138,0.241379514,27.61088181,0.110463373,3.554668427,0.128741562,6.664701462,0.85802412,0.112069368,0.162641123,0.851489544,299.5,1129.2,1924
140,797326.2583,6763243.633,6,OD04,17/05/2020,2020,7.5,0,15,8.1,7.1,0.13,0.8,12,14,0.6,7,51,28,0.74,7,1.6,4,37.1,4.3,0.6,4.3,6.5,0.14,0.9,16,11,10,48,42,0.64,135.6588287,248.1059875,253.6756897,319.5196838,0.353644073,21.66179466,2.091521025,1317.363892,0.011359227,224.3640049,225,228.6437073,4.523145676,7,-0.016895,3.47E-05,0.147557095,0.257536292,11,2,0,12.76896095,27.72430801,0.263183087,28.02747726,0.145824924,3.94075036,0.140603095,7.376358032,1.03713882,0.107227981,0.154358447,0.824095786,329,1162,1928
141,797326.2583,6763243.633,6,OD04,17/05/2020,2020,22.5,15,30,8.6,7.9,0.37,2.3,21,11,0.8,5,71,29,0.45,7.2,2.7,4,39.5,6.9,0.68,11,4.8,0.19,1,84,8,9,31,61,0.73,135.6588287,248.1059875,253.6756897,319.5196838,0.353644073,21.66179466,2.091521025,1317.363892,0.011359227,224.3640049,225,228.6437073,4.523145676,7,-0.016895,3.47E-05,0.147557095,0.257536292,11,2,0,12.76896095,27.72430801,0.263183087,28.02747726,0.145824924,3.94075036,0.140603095,7.376358032,1.03713882,0.107227981,0.154358447,0.824095786,329,1162,1928
142,797326.2583,6763243.633,6,OD04,17/05/2020,2020,45,30,60,9,8.2,0.44,NA,22,8.2,0.7,NA,NA,30,0.35,7.8,3.9,3.8,42.1,9.3,NA,NA,NA,NA,NA,92,NA,5,18,77,NA,135.6588287,248.1059875,253.6756897,319.5196838,0.353644073,21.66179466,2.091521025,1317.363892,0.011359227,224.3640049,225,228.6437073,4.523145676,7,-0.016895,3.47E-05,0.147557095,0.257536292,11,2,0,12.76896095,27.72430801,0.263183087,28.02747726,0.145824924,3.94075036,0.140603095,7.376358032,1.03713882,0.107227981,0.154358447,0.824095786,329,1162,1928
143,797326.2583,6763243.633,6,OD04,17/05/2020,2020,75,60,90,8,7.9,2.46,NA,510,5.9,1.1,NA,NA,42,0.52,9.6,7.7,4.4,59.4,13,NA,NA,NA,NA,NA,2000,NA,6,22,72,NA,135.6588287,248.1059875,253.6756897,319.5196838,0.353644073,21.66179466,2.091521025,1317.363892,0.011359227,224.3640049,225,228.6437073,4.523145676,7,-0.016895,3.47E-05,0.147557095,0.257536292,11,2,0,12.76896095,27.72430801,0.263183087,28.02747726,0.145824924,3.94075036,0.140603095,7.376358032,1.03713882,0.107227981,0.154358447,0.824095786,329,1162,1928
144,801294.7958,6762769.552,7,OD04,17/05/2020,2020,7.5,0,15,8,6.8,0.09,0.6,11,6.4,0.7,8,48,24,0.5,7.5,1.3,3.2,33.3,4,0.69,7.6,10,0.22,0.7,11,11,10,40,50,0.63,106.5461349,179.1513062,197.2578583,250.4406433,0.163956523,21.1505394,5.140748024,1409.066772,0.024965703,232.2914232,231,268.9336548,4.561195374,7,0.000484427,-2.79E-05,0.318433076,0.555776298,11,2,0,10.73924255,23.7056694,0.183661938,35.61930847,0.118100964,4.785858631,0.134361356,6.541911125,0.8789801,0.107669145,0.154046729,0.850472093,298,1096.333333,1871
145,801294.7958,6762769.552,7,OD04,17/05/2020,2020,22.5,15,30,8.6,7.3,0.09,0.6,10,4.5,1,11,68,25,0.32,8,2.3,3.1,35.5,6.4,0.64,10,5.7,0.09,0.8,5,6,18,34,48,0.68,106.5461349,179.1513062,197.2578583,250.4406433,0.163956523,21.1505394,5.140748024,1409.066772,0.024965703,232.2914232,231,268.9336548,4.561195374,7,0.000484427,-2.79E-05,0.318433076,0.555776298,11,2,0,10.73924255,23.7056694,0.183661938,35.61930847,0.118100964,4.785858631,0.134361356,6.541911125,0.8789801,0.107669145,0.154046729,0.850472093,298,1096.333333,1871
146,801294.7958,6762769.552,7,OD04,17/05/2020,2020,45,30,60,9.2,8.3,0.24,NA,10,7.8,0.7,NA,NA,28,0.31,8.9,3.8,3.1,40.6,9.3,NA,NA,NA,NA,NA,4,NA,8,18,74,NA,106.5461349,179.1513062,197.2578583,250.4406433,0.163956523,21.1505394,5.140748024,1409.066772,0.024965703,232.2914232,231,268.9336548,4.561195374,7,0.000484427,-2.79E-05,0.318433076,0.555776298,11,2,0,10.73924255,23.7056694,0.183661938,35.61930847,0.118100964,4.785858631,0.134361356,6.541911125,0.8789801,0.107669145,0.154046729,0.850472093,298,1096.333333,1871
147,801294.7958,6762769.552,7,OD04,17/05/2020,2020,75,60,90,9.2,8.2,0.41,NA,97,13,1.3,NA,NA,26,0.38,9.7,6,2.7,42.3,14,NA,NA,NA,NA,NA,45,NA,10,23,67,NA,106.5461349,179.1513062,197.2578583,250.4406433,0.163956523,21.1505394,5.140748024,1409.066772,0.024965703,232.2914232,231,268.9336548,4.561195374,7,0.000484427,-2.79E-05,0.318433076,0.555776298,11,2,0,10.73924255,23.7056694,0.183661938,35.61930847,0.118100964,4.785858631,0.134361356,6.541911125,0.8789801,0.107669145,0.154046729,0.850472093,298,1096.333333,1871
148,798451.0044,6762574.703,8,OD04,17/05/2020,2020,7.5,0,15,7.7,7,0.21,1.3,10,13,0.6,17,49,23,0.93,7.5,1.5,3.1,32.9,4.6,0.7,7.8,8.3,0.23,0.9,47,22,13,47,41,0.92,114.4776077,200.1877289,216.7381439,273.4990234,0.364578992,16.79980278,5.468227386,1372.419678,-0.016472649,226.6104749,227,321.6929932,4.50504446,7,0.010658226,6.58E-06,0.06130163,0.106991574,11,2,0,11.33786774,24.67745972,0.217650399,29.69466782,0.15675883,4.624614239,0.155738875,6.463056087,1.00654912,0.115110002,0.157531694,0.846013069,343.75,1112.6,1809
149,798451.0044,6762574.703,8,OD04,17/05/2020,2020,22.5,15,30,8.5,7.3,0.11,0.7,10,5.1,1.3,8,60,25,0.48,8.5,2,2.9,36.3,5.6,0.69,12,6.1,0.1,1,21,6,13,30,58,0.7,114.4776077,200.1877289,216.7381439,273.4990234,0.364578992,16.79980278,5.468227386,1372.419678,-0.016472649,226.6104749,227,321.6929932,4.50504446,7,0.010658226,6.58E-06,0.06130163,0.106991574,11,2,0,11.33786774,24.67745972,0.217650399,29.69466782,0.15675883,4.624614239,0.155738875,6.463056087,1.00654912,0.115110002,0.157531694,0.846013069,343.75,1112.6,1809
150,798451.0044,6762574.703,8,OD04,17/05/2020,2020,45,30,60,8.9,7.7,0.12,NA,24,3.6,0.6,NA,NA,22,0.33,8.6,3.1,2.6,34,9,NA,NA,NA,NA,NA,5,NA,5,24,72,NA,114.4776077,200.1877289,216.7381439,273.4990234,0.364578992,16.79980278,5.468227386,1372.419678,-0.016472649,226.6104749,227,321.6929932,4.50504446,7,0.010658226,6.58E-06,0.06130163,0.106991574,11,2,0,11.33786774,24.67745972,0.217650399,29.69466782,0.15675883,4.624614239,0.155738875,6.463056087,1.00654912,0.115110002,0.157531694,0.846013069,343.75,1112.6,1809
151,798451.0044,6762574.703,8,OD04,17/05/2020,2020,75,60,90,8.8,7.7,0.45,NA,270,4.4,0.8,NA,NA,23,0.37,9.8,5.6,2.3,38.7,14,NA,NA,NA,NA,NA,72,NA,9,27,64,NA,114.4776077,200.1877289,216.7381439,273.4990234,0.364578992,16.79980278,5.468227386,1372.419678,-0.016472649,226.6104749,227,321.6929932,4.50504446,7,0.010658226,6.58E-06,0.06130163,0.106991574,11,2,0,11.33786774,24.67745972,0.217650399,29.69466782,0.15675883,4.624614239,0.155738875,6.463056087,1.00654912,0.115110002,0.157531694,0.846013069,343.75,1112.6,1809
152,800064.5903,6762509.209,9,OD04,17/05/2020,2020,7.5,0,15,7.4,6.1,0.08,0.5,15,8.9,0.7,10,58,18,0.66,7.4,1.6,2.4,27.6,5.7,0.85,14,31,3,0.7,5,9,13,29,59,0.8,117.5952606,200.085495,215.0904236,267.5972595,0.195188627,18.52556801,6.287938118,1429.202637,0.037330774,229.9213319,227,266.5487671,5.511134148,7,-0.001592752,-1.80E-05,0.141303688,0.246621966,11,2,0,12.28948879,25.96967697,0.15217182,46.81566238,0.16820614,7.193651199,0.153659075,7.124024391,1.094671011,0.111532725,0.162077919,0.845114946,313,1141.666667,1849
153,800064.5903,6762509.209,9,OD04,17/05/2020,2020,22.5,15,30,8.2,6.6,0.07,0.4,10,4.9,0.9,10,68,22,0.36,8.5,2.9,2.6,33.4,8.7,0.87,16,18,0.17,0.8,3,5,11,30,58,0.78,117.5952606,200.085495,215.0904236,267.5972595,0.195188627,18.52556801,6.287938118,1429.202637,0.037330774,229.9213319,227,266.5487671,5.511134148,7,-0.001592752,-1.80E-05,0.141303688,0.246621966,11,2,0,12.28948879,25.96967697,0.15217182,46.81566238,0.16820614,7.193651199,0.153659075,7.124024391,1.094671011,0.111532725,0.162077919,0.845114946,313,1141.666667,1849
154,800064.5903,6762509.209,9,OD04,17/05/2020,2020,45,30,60,8.4,7.6,0.2,NA,92,9,0.6,NA,NA,21,0.29,8.9,4.8,2.4,34.9,14,NA,NA,NA,NA,NA,8,NA,9,23,69,NA,117.5952606,200.085495,215.0904236,267.5972595,0.195188627,18.52556801,6.287938118,1429.202637,0.037330774,229.9213319,227,266.5487671,5.511134148,7,-0.001592752,-1.80E-05,0.141303688,0.246621966,11,2,0,12.28948879,25.96967697,0.15217182,46.81566238,0.16820614,7.193651199,0.153659075,7.124024391,1.094671011,0.111532725,0.162077919,0.845114946,313,1141.666667,1849
155,800064.5903,6762509.209,9,OD04,17/05/2020,2020,75,60,90,7.9,7.6,1.85,NA,660,13,0.8,NA,NA,28,0.43,11,8.1,2.5,47.3,17,NA,NA,NA,NA,NA,1300,NA,10,29,61,NA,117.5952606,200.085495,215.0904236,267.5972595,0.195188627,18.52556801,6.287938118,1429.202637,0.037330774,229.9213319,227,266.5487671,5.511134148,7,-0.001592752,-1.80E-05,0.141303688,0.246621966,11,2,0,12.28948879,25.96967697,0.15217182,46.81566238,0.16820614,7.193651199,0.153659075,7.124024391,1.094671011,0.111532725,0.162077919,0.845114946,313,1141.666667,1849
156,801222.6087,6762339.956,10,OD04,17/05/2020,2020,7.5,0,15,7.4,6.3,0.1,0.6,10,14,0.6,10,60,21,0.6,7.9,1.4,2.7,30.7,4.7,0.87,13,28,0.15,0.7,6,12,13,34,54,0.76,100.0635757,168.979538,184.9237213,232.1036835,0.243620887,18.44326591,6.59923315,1432.377075,-0.071326692,232.0528632,232,280.553772,4.535345078,7,0.001718504,4.08E-05,0.311937392,0.544438839,11,2,0,10.9843626,24.24239349,0.166715011,40.81866074,0.118224435,5.380165577,0.131806523,6.805083275,0.896954358,0.107019812,0.16171363,0.878649294,280.25,1129.833333,1874
157,801222.6087,6762339.956,10,OD04,17/05/2020,2020,22.5,15,30,8.3,6.9,0.08,0.5,10,10,0.7,9,66,22,0.3,8.4,2.3,2.6,32.8,7.1,0.73,12,13,0.07,0.8,3,5,13,34,53,0.68,100.0635757,168.979538,184.9237213,232.1036835,0.243620887,18.44326591,6.59923315,1432.377075,-0.071326692,232.0528632,232,280.553772,4.535345078,7,0.001718504,4.08E-05,0.311937392,0.544438839,11,2,0,10.9843626,24.24239349,0.166715011,40.81866074,0.118224435,5.380165577,0.131806523,6.805083275,0.896954358,0.107019812,0.16171363,0.878649294,280.25,1129.833333,1874
158,801222.6087,6762339.956,10,OD04,17/05/2020,2020,45,30,60,8.5,7.2,0.14,NA,10,15,0.6,NA,NA,22,0.31,9.2,3.6,2.4,35.5,10,NA,NA,NA,NA,NA,4,NA,6,22,71,NA,100.0635757,168.979538,184.9237213,232.1036835,0.243620887,18.44326591,6.59923315,1432.377075,-0.071326692,232.0528632,232,280.553772,4.535345078,7,0.001718504,4.08E-05,0.311937392,0.544438839,11,2,0,10.9843626,24.24239349,0.166715011,40.81866074,0.118224435,5.380165577,0.131806523,6.805083275,0.896954358,0.107019812,0.16171363,0.878649294,280.25,1129.833333,1874
159,801222.6087,6762339.956,10,OD04,17/05/2020,2020,75,60,90,8.7,7.6,0.31,NA,98,15,1.4,NA,NA,23,0.39,10,5.4,2.3,38.7,14,NA,NA,NA,NA,NA,60,NA,8,28,64,NA,100.0635757,168.979538,184.9237213,232.1036835,0.243620887,18.44326591,6.59923315,1432.377075,-0.071326692,232.0528632,232,280.553772,4.535345078,7,0.001718504,4.08E-05,0.311937392,0.544438839,11,2,0,10.9843626,24.24239349,0.166715011,40.81866074,0.118224435,5.380165577,0.131806523,6.805083275,0.896954358,0.107019812,0.16171363,0.878649294,280.25,1129.833333,1874
160,797397.1388,6765961.689,1,OD05,17/05/2020,2020,7.5,0,15,7.5,6.8,0.12,0.7,10,20,1.1,26,26,11,1,3,0.52,3.7,15,3.4,1,11,20,0.45,0.7,4,39,10,23,67,1,81.74238586,149.130188,170.8647308,219.6962433,0.400810748,11.27589321,2.54123044,1065.276001,0.015284163,223.1115614,222,277.8110352,4.522277355,7,-0.041183416,-6.69E-05,0.133211672,0.232498646,11,2,0,11.12718582,23.64140511,0.327639461,18.335495,0.098886512,2.352430344,0.128299236,6.007431984,0.770748973,0.11870496,0.177739143,0.83631134,327,1209,2118.5
161,797397.1388,6765961.689,1,OD05,17/05/2020,2020,22.5,15,30,8.8,7.9,0.16,1,10,12,1.2,7,44,17,0.56,5.2,1.3,3.3,24.4,5.2,0.91,9,6.1,0.15,0.8,3,9,6,32,61,0.74,81.74238586,149.130188,170.8647308,219.6962433,0.400810748,11.27589321,2.54123044,1065.276001,0.015284163,223.1115614,222,277.8110352,4.522277355,7,-0.041183416,-6.69E-05,0.133211672,0.232498646,11,2,0,11.12718582,23.64140511,0.327639461,18.335495,0.098886512,2.352430344,0.128299236,6.007431984,0.770748973,0.11870496,0.177739143,0.83631134,327,1209,2118.5
162,797397.1388,6765961.689,1,OD05,17/05/2020,2020,45,30,60,9.3,8.3,0.23,NA,10,17,0.6,NA,NA,26,0.38,6.8,2.6,3.8,35.8,7.2,NA,NA,NA,NA,NA,7,NA,6,26,68,NA,81.74238586,149.130188,170.8647308,219.6962433,0.400810748,11.27589321,2.54123044,1065.276001,0.015284163,223.1115614,222,277.8110352,4.522277355,7,-0.041183416,-6.69E-05,0.133211672,0.232498646,11,2,0,11.12718582,23.64140511,0.327639461,18.335495,0.098886512,2.352430344,0.128299236,6.007431984,0.770748973,0.11870496,0.177739143,0.83631134,327,1209,2118.5
163,797397.1388,6765961.689,1,OD05,17/05/2020,2020,75,60,90,9.7,8.5,0.4,NA,48,14,0.8,NA,NA,24,0.23,7.2,5,3.3,36.1,14,NA,NA,NA,NA,NA,17,NA,9,30,61,NA,81.74238586,149.130188,170.8647308,219.6962433,0.400810748,11.27589321,2.54123044,1065.276001,0.015284163,223.1115614,222,277.8110352,4.522277355,7,-0.041183416,-6.69E-05,0.133211672,0.232498646,11,2,0,11.12718582,23.64140511,0.327639461,18.335495,0.098886512,2.352430344,0.128299236,6.007431984,0.770748973,0.11870496,0.177739143,0.83631134,327,1209,2118.5
164,799008.4705,6765534.311,2,OD05,17/05/2020,2020,7.5,0,15,8.5,7.8,0.19,1.2,11,19,1,14,45,24,0.94,4.5,0.81,5.3,30,2.7,0.73,5.4,6.2,0.4,0.9,5,32,9,30,61,0.9,94.95123291,166.2220001,179.1851654,235.5639954,0.474334776,10.05060291,2.554468393,995.1443481,-0.003510189,225.9549451,227,301.631897,3.567024231,7,-0.002667587,-2.36E-06,0.110371895,0.192635536,11,2,0,11.72980595,24.38593102,0.332248986,18.15277863,0.128648147,2.651194096,0.146048933,6.031242371,0.880856514,0.116092511,0.16209501,0.844590843,300,1182.25,2001.75
165,799008.4705,6765534.311,2,OD05,17/05/2020,2020,22.5,15,30,9.2,8.1,0.18,1.1,10,9.9,0.9,8,72,30,0.55,6.3,2,4.8,39,5,0.78,8.7,4,0.16,1.1,3,12,8,37,56,0.91,94.95123291,166.2220001,179.1851654,235.5639954,0.474334776,10.05060291,2.554468393,995.1443481,-0.003510189,225.9549451,227,301.631897,3.567024231,7,-0.002667587,-2.36E-06,0.110371895,0.192635536,11,2,0,11.72980595,24.38593102,0.332248986,18.15277863,0.128648147,2.651194096,0.146048933,6.031242371,0.880856514,0.116092511,0.16209501,0.844590843,300,1182.25,2001.75
166,799008.4705,6765534.311,2,OD05,17/05/2020,2020,45,30,60,9.5,8.4,0.26,NA,10,14,0.8,NA,NA,28,0.38,8,3.6,3.5,40.5,9,NA,NA,NA,NA,NA,4,NA,6,28,65,NA,94.95123291,166.2220001,179.1851654,235.5639954,0.474334776,10.05060291,2.554468393,995.1443481,-0.003510189,225.9549451,227,301.631897,3.567024231,7,-0.002667587,-2.36E-06,0.110371895,0.192635536,11,2,0,11.72980595,24.38593102,0.332248986,18.15277863,0.128648147,2.651194096,0.146048933,6.031242371,0.880856514,0.116092511,0.16209501,0.844590843,300,1182.25,2001.75
167,799008.4705,6765534.311,2,OD05,17/05/2020,2020,75,60,90,9.4,8.5,0.46,NA,160,15,0.9,NA,NA,27,0.37,9.4,6.8,2.9,43.5,16,NA,NA,NA,NA,NA,33,NA,6,28,66,NA,94.95123291,166.2220001,179.1851654,235.5639954,0.474334776,10.05060291,2.554468393,995.1443481,-0.003510189,225.9549451,227,301.631897,3.567024231,7,-0.002667587,-2.36E-06,0.110371895,0.192635536,11,2,0,11.72980595,24.38593102,0.332248986,18.15277863,0.128648147,2.651194096,0.146048933,6.031242371,0.880856514,0.116092511,0.16209501,0.844590843,300,1182.25,2001.75
168,798583.7728,6764805.736,3,OD05,17/05/2020,2020,7.5,0,15,7.7,7.2,0.33,2,12,16,0.6,13,49,22,0.67,5.6,1.2,3.9,29.3,4,0.62,6.6,5.6,0.29,0.9,140,16,18,34,49,0.89,105.9799576,180.3387146,194.3981628,246.312851,0.282682389,13.00582886,1.270513654,1003.506714,0.036498844,226.0052221,228,50.65412903,4.547775269,7,0.016946705,6.14E-06,0.103757687,0.181091532,11,2,0,10.63070011,25.15705109,0.317174673,18.69220543,0.202811077,3.457218885,0.184955105,5.928694248,1.096542239,0.112049311,0.164134026,0.778325737,371,1129.5,1891.333333
169,798583.7728,6764805.736,3,OD05,17/05/2020,2020,22.5,15,30,8.7,7.7,0.23,1.4,10,9.3,1.2,8,63,26,0.4,6.7,2,3.9,35.2,5.7,0.62,8.3,3.4,0.09,1.1,52,6,9,34,57,0.82,105.9799576,180.3387146,194.3981628,246.312851,0.282682389,13.00582886,1.270513654,1003.506714,0.036498844,226.0052221,228,50.65412903,4.547775269,7,0.016946705,6.14E-06,0.103757687,0.181091532,11,2,0,10.63070011,25.15705109,0.317174673,18.69220543,0.202811077,3.457218885,0.184955105,5.928694248,1.096542239,0.112049311,0.164134026,0.778325737,371,1129.5,1891.333333
170,798583.7728,6764805.736,3,OD05,17/05/2020,2020,45,30,60,9.3,8.2,0.22,NA,10,12,0.7,NA,NA,27,0.31,7.7,3.4,3.5,38.5,8.9,NA,NA,NA,NA,NA,8,NA,8,21,72,NA,105.9799576,180.3387146,194.3981628,246.312851,0.282682389,13.00582886,1.270513654,1003.506714,0.036498844,226.0052221,228,50.65412903,4.547775269,7,0.016946705,6.14E-06,0.103757687,0.181091532,11,2,0,10.63070011,25.15705109,0.317174673,18.69220543,0.202811077,3.457218885,0.184955105,5.928694248,1.096542239,0.112049311,0.164134026,0.778325737,371,1129.5,1891.333333
171,798583.7728,6764805.736,3,OD05,17/05/2020,2020,75,60,90,9.5,8.4,0.3,NA,10,18,0.7,NA,NA,25,0.36,8.9,5.7,2.8,40.2,14,NA,NA,NA,NA,NA,11,NA,10,26,65,NA,105.9799576,180.3387146,194.3981628,246.312851,0.282682389,13.00582886,1.270513654,1003.506714,0.036498844,226.0052221,228,50.65412903,4.547775269,7,0.016946705,6.14E-06,0.103757687,0.181091532,11,2,0,10.63070011,25.15705109,0.317174673,18.69220543,0.202811077,3.457218885,0.184955105,5.928694248,1.096542239,0.112049311,0.164134026,0.778325737,371,1129.5,1891.333333
172,799988.8777,6764768.86,4,OD05,17/05/2020,2020,7.5,0,15,7,6.5,0.11,0.7,10,11,2.5,18,47,8.3,0.59,2.4,0.34,3.5,11.6,2.9,1.3,27,70,0.36,0.5,4,16,10,18,72,0.84,65.49597168,122.0729752,141.7336273,181.6898041,0.426723689,9.659832001,2.741584301,1035.72644,0.173854386,228.6453771,228,322.1383057,4.52260685,7,0.002072797,-4.14E-05,0.178370088,0.311315536,11,2,0,11.36499214,23.7688179,0.326101363,17.79915047,0.135244489,2.716959238,0.152645454,5.804327011,0.88600409,0.123268537,0.181236938,0.852238834,294,1205.666667,1992.5
173,799988.8777,6764768.86,4,OD05,17/05/2020,2020,22.5,15,30,8.6,7.7,0.14,0.9,10,6.9,1.1,7,52,16,0.33,5.2,0.94,3.1,22.2,4.2,0.79,12,11,0.09,0.6,3,5,6,26,68,0.59,65.49597168,122.0729752,141.7336273,181.6898041,0.426723689,9.659832001,2.741584301,1035.72644,0.173854386,228.6453771,228,322.1383057,4.52260685,7,0.002072797,-4.14E-05,0.178370088,0.311315536,11,2,0,11.36499214,23.7688179,0.326101363,17.79915047,0.135244489,2.716959238,0.152645454,5.804327011,0.88600409,0.123268537,0.181236938,0.852238834,294,1205.666667,1992.5
174,799988.8777,6764768.86,4,OD05,17/05/2020,2020,45,30,60,9.4,8.3,0.19,NA,10,11,1.1,NA,NA,27,0.25,7.4,2,3.6,36.1,5.5,NA,NA,NA,NA,NA,3,NA,5,30,65,NA,65.49597168,122.0729752,141.7336273,181.6898041,0.426723689,9.659832001,2.741584301,1035.72644,0.173854386,228.6453771,228,322.1383057,4.52260685,7,0.002072797,-4.14E-05,0.178370088,0.311315536,11,2,0,11.36499214,23.7688179,0.326101363,17.79915047,0.135244489,2.716959238,0.152645454,5.804327011,0.88600409,0.123268537,0.181236938,0.852238834,294,1205.666667,1992.5
175,799988.8777,6764768.86,4,OD05,17/05/2020,2020,75,60,90,9.6,8.4,0.26,NA,10,12,1,NA,NA,22,0.21,7.8,3.4,2.8,33.8,10,NA,NA,NA,NA,NA,5,NA,8,25,68,NA,65.49597168,122.0729752,141.7336273,181.6898041,0.426723689,9.659832001,2.741584301,1035.72644,0.173854386,228.6453771,228,322.1383057,4.52260685,7,0.002072797,-4.14E-05,0.178370088,0.311315536,11,2,0,11.36499214,23.7688179,0.326101363,17.79915047,0.135244489,2.716959238,0.152645454,5.804327011,0.88600409,0.123268537,0.181236938,0.852238834,294,1205.666667,1992.5
176,797581.7126,6764485.198,5,OD05,17/05/2020,2020,7.5,0,15,8.2,7.2,0.14,0.9,10,22,0.8,11,53,23,0.66,7.1,1.4,3.2,32.7,4.4,0.75,8.7,7.7,0.29,0.9,9,15,12,43,45,0.76,112.6802139,195.3629303,208.7051392,270.5696411,0.343152732,11.26604271,2.031635284,1008.565247,0.047370394,224.2597313,229,203.5256348,4.564281464,7,0.018361827,0.000117291,0.389107138,0.679130554,11,3,0,9.184423447,24.32557106,0.228759244,27.88977051,0.143076599,4.176547527,0.149751946,6.38004303,0.955423892,0.10766197,0.166983292,0.837592006,294.25,1069.625,1864
177,797581.7126,6764485.198,5,OD05,17/05/2020,2020,22.5,15,30,9,7.8,0.15,0.9,10,9.8,0.8,9,74,22,0.39,7.1,2.1,3.1,31.5,6.7,0.77,10,5.1,0.09,1.2,5,9,13,35,52,0.71,112.6802139,195.3629303,208.7051392,270.5696411,0.343152732,11.26604271,2.031635284,1008.565247,0.047370394,224.2597313,229,203.5256348,4.564281464,7,0.018361827,0.000117291,0.389107138,0.679130554,11,3,0,9.184423447,24.32557106,0.228759244,27.88977051,0.143076599,4.176547527,0.149751946,6.38004303,0.955423892,0.10766197,0.166983292,0.837592006,294.25,1069.625,1864
178,797581.7126,6764485.198,5,OD05,17/05/2020,2020,45,30,60,9.2,8.1,0.23,NA,12,9.6,0.7,NA,NA,22,0.34,7.8,3.6,2.8,34.2,11,NA,NA,NA,NA,NA,16,NA,11,27,62,NA,112.6802139,195.3629303,208.7051392,270.5696411,0.343152732,11.26604271,2.031635284,1008.565247,0.047370394,224.2597313,229,203.5256348,4.564281464,7,0.018361827,0.000117291,0.389107138,0.679130554,11,3,0,9.184423447,24.32557106,0.228759244,27.88977051,0.143076599,4.176547527,0.149751946,6.38004303,0.955423892,0.10766197,0.166983292,0.837592006,294.25,1069.625,1864
179,797581.7126,6764485.198,5,OD05,17/05/2020,2020,75,60,90,8,7.7,1.44,NA,230,12,0.8,NA,NA,52,0.4,9.5,6.7,5.5,68.4,9.7,NA,NA,NA,NA,NA,1800,NA,10,37,53,NA,112.6802139,195.3629303,208.7051392,270.5696411,0.343152732,11.26604271,2.031635284,1008.565247,0.047370394,224.2597313,229,203.5256348,4.564281464,7,0.018361827,0.000117291,0.389107138,0.679130554,11,3,0,9.184423447,24.32557106,0.228759244,27.88977051,0.143076599,4.176547527,0.149751946,6.38004303,0.955423892,0.10766197,0.166983292,0.837592006,294.25,1069.625,1864
180,798191.9958,6764299.741,6,OD05,17/05/2020,2020,7.5,0,15,7,6.3,0.15,0.9,10,48,1.2,16,37,16,0.39,5.3,0.86,3,22.9,3.8,0.8,10,18,0.24,0.7,9,23,20,34,47,0.76,99.69171143,170.2890472,188.8894653,233.2231903,0.150984809,11.64707184,2.074799299,1002.109924,-0.044757331,225.3874065,223,260.7871094,4.603224754,7,-0.012366065,1.76E-05,0.126627177,0.221006483,11,2,0,12.38873196,24.91477966,0.219078705,28.27318382,0.218476683,5.309942722,0.187808439,6.194052696,1.163295388,0.112062789,0.166487455,0.849342525,284,1076.2,1849
181,798191.9958,6764299.741,6,OD05,17/05/2020,2020,22.5,15,30,8.2,6.9,0.1,0.6,10,16,1,10,58,19,0.24,5.7,1.5,3.3,26,5.7,0.74,10,9.4,0.08,0.7,6,8,7,28,64,0.68,99.69171143,170.2890472,188.8894653,233.2231903,0.150984809,11.64707184,2.074799299,1002.109924,-0.044757331,225.3874065,223,260.7871094,4.603224754,7,-0.012366065,1.76E-05,0.126627177,0.221006483,11,2,0,12.38873196,24.91477966,0.219078705,28.27318382,0.218476683,5.309942722,0.187808439,6.194052696,1.163295388,0.112062789,0.166487455,0.849342525,284,1076.2,1849
182,798191.9958,6764299.741,6,OD05,17/05/2020,2020,45,30,60,8.6,7.4,0.13,NA,10,17,0.6,NA,NA,21,0.22,7.7,2.9,2.7,32.2,9.1,NA,NA,NA,NA,NA,7,NA,9,22,69,NA,99.69171143,170.2890472,188.8894653,233.2231903,0.150984809,11.64707184,2.074799299,1002.109924,-0.044757331,225.3874065,223,260.7871094,4.603224754,7,-0.012366065,1.76E-05,0.126627177,0.221006483,11,2,0,12.38873196,24.91477966,0.219078705,28.27318382,0.218476683,5.309942722,0.187808439,6.194052696,1.163295388,0.112062789,0.166487455,0.849342525,284,1076.2,1849
183,798191.9958,6764299.741,6,OD05,17/05/2020,2020,75,60,90,8.7,8.1,0.76,NA,16,26,1,NA,NA,31,0.27,8.9,4.9,3.5,44.5,11,NA,NA,NA,NA,NA,230,NA,12,26,63,NA,99.69171143,170.2890472,188.8894653,233.2231903,0.150984809,11.64707184,2.074799299,1002.109924,-0.044757331,225.3874065,223,260.7871094,4.603224754,7,-0.012366065,1.76E-05,0.126627177,0.221006483,11,2,0,12.38873196,24.91477966,0.219078705,28.27318382,0.218476683,5.309942722,0.187808439,6.194052696,1.163295388,0.112062789,0.166487455,0.849342525,284,1076.2,1849
184,798939.3699,6764187.707,7,OD05,17/05/2020,2020,7.5,0,15,7.6,6.5,0.12,0.7,13,22,0.6,16,48,18,0.59,6.2,1.7,2.9,26.4,6.3,0.73,11,12,0.32,0.8,8,21,15,36,49,0.94,105.5657806,180.5596161,199.0397644,245.7044983,0.300807774,11.04476261,2.227444172,1017.168579,0.096745851,227.2209629,228,312.0896606,4.591117382,7,0.01297415,2.92E-05,0.217048958,0.378823698,11,3,0,9.833862305,25.35233307,0.237331957,27.09984779,0.186054915,4.609203339,0.170082271,6.431659698,1.09391129,0.107451022,0.16570431,0.842891872,294.5,1063.714286,1818
185,798939.3699,6764187.707,7,OD05,17/05/2020,2020,22.5,15,30,8.8,7.6,0.14,0.9,10,13,0.8,5,65,22,0.31,6.9,2.1,3.2,31.5,6.7,0.7,9.6,4.2,0.08,0.8,4,7,12,34,53,0.7,105.5657806,180.5596161,199.0397644,245.7044983,0.300807774,11.04476261,2.227444172,1017.168579,0.096745851,227.2209629,228,312.0896606,4.591117382,7,0.01297415,2.92E-05,0.217048958,0.378823698,11,3,0,9.833862305,25.35233307,0.237331957,27.09984779,0.186054915,4.609203339,0.170082271,6.431659698,1.09391129,0.107451022,0.16570431,0.842891872,294.5,1063.714286,1818
186,798939.3699,6764187.707,7,OD05,17/05/2020,2020,45,30,60,9.2,8,0.19,NA,10,13,0.6,NA,NA,24,0.28,8.3,4,2.9,36.3,11,NA,NA,NA,NA,NA,5,NA,13,32,55,NA,105.5657806,180.5596161,199.0397644,245.7044983,0.300807774,11.04476261,2.227444172,1017.168579,0.096745851,227.2209629,228,312.0896606,4.591117382,7,0.01297415,2.92E-05,0.217048958,0.378823698,11,3,0,9.833862305,25.35233307,0.237331957,27.09984779,0.186054915,4.609203339,0.170082271,6.431659698,1.09391129,0.107451022,0.16570431,0.842891872,294.5,1063.714286,1818
187,798939.3699,6764187.707,7,OD05,17/05/2020,2020,75,60,90,9.4,8.4,0.39,NA,48,17,0.6,NA,NA,25,0.31,9.3,6.5,2.7,40.6,16,NA,NA,NA,NA,NA,24,NA,10,28,61,NA,105.5657806,180.5596161,199.0397644,245.7044983,0.300807774,11.04476261,2.227444172,1017.168579,0.096745851,227.2209629,228,312.0896606,4.591117382,7,0.01297415,2.92E-05,0.217048958,0.378823698,11,3,0,9.833862305,25.35233307,0.237331957,27.09984779,0.186054915,4.609203339,0.170082271,6.431659698,1.09391129,0.107451022,0.16570431,0.842891872,294.5,1063.714286,1818
188,800045.1534,6764081.607,8,OD05,17/05/2020,2020,7.5,0,15,8.1,7.6,0.32,2,14,77,0.6,18,47,25,0.97,6.1,1.2,4.1,33.1,3.6,0.7,6.5,5.7,0.34,0.9,12,29,32,22,47,1.2,102.2902222,173.5711823,192.2657776,238.2611847,0.334807098,11.9601717,2.569683313,1029.424072,-0.109884167,229.0614198,229,327.5119019,4.560625076,7,-0.008889431,1.01E-05,0.227388799,0.396870404,11,2,0,12.1088686,24.71144104,0.269940525,22.98299789,0.16308111,3.726242781,0.162130401,6.204042435,1.005863905,0.115678661,0.17344974,0.857912242,315,1032,1821
189,800045.1534,6764081.607,8,OD05,17/05/2020,2020,22.5,15,30,8.8,8,0.25,1.6,10,43,0.8,10,79,30,0.71,6.6,1.4,4.5,39.2,3.6,0.69,9.4,3.9,0.15,1.2,6,12,8,38,55,0.95,102.2902222,173.5711823,192.2657776,238.2611847,0.334807098,11.9601717,2.569683313,1029.424072,-0.109884167,229.0614198,229,327.5119019,4.560625076,7,-0.008889431,1.01E-05,0.227388799,0.396870404,11,2,0,12.1088686,24.71144104,0.269940525,22.98299789,0.16308111,3.726242781,0.162130401,6.204042435,1.005863905,0.115678661,0.17344974,0.857912242,315,1032,1821
190,800045.1534,6764081.607,8,OD05,17/05/2020,2020,45,30,60,9.2,8.3,0.25,NA,10,32,0.6,NA,NA,29,0.57,8.3,3.1,3.5,41,7.6,NA,NA,NA,NA,NA,5,NA,8,28,64,NA,102.2902222,173.5711823,192.2657776,238.2611847,0.334807098,11.9601717,2.569683313,1029.424072,-0.109884167,229.0614198,229,327.5119019,4.560625076,7,-0.008889431,1.01E-05,0.227388799,0.396870404,11,2,0,12.1088686,24.71144104,0.269940525,22.98299789,0.16308111,3.726242781,0.162130401,6.204042435,1.005863905,0.115678661,0.17344974,0.857912242,315,1032,1821
191,800045.1534,6764081.607,8,OD05,17/05/2020,2020,75,60,90,9.5,8.4,0.41,NA,72,24,0.6,NA,NA,28,0.6,10,6.2,2.8,45,14,NA,NA,NA,NA,NA,17,NA,15,24,61,NA,102.2902222,173.5711823,192.2657776,238.2611847,0.334807098,11.9601717,2.569683313,1029.424072,-0.109884167,229.0614198,229,327.5119019,4.560625076,7,-0.008889431,1.01E-05,0.227388799,0.396870404,11,2,0,12.1088686,24.71144104,0.269940525,22.98299789,0.16308111,3.726242781,0.162130401,6.204042435,1.005863905,0.115678661,0.17344974,0.857912242,315,1032,1821
